Drug,pubchem_id,IsomericSMILES,CanonicalSMILES
lomerizine dihcl,3949,COC1=C(C(=C(C=C1)CN2CCN(CC2)C(C3=CC=C(C=C3)F)C4=CC=C(C=C4)F)OC)OC,COC1=C(C(=C(C=C1)CN2CCN(CC2)C(C3=CC=C(C=C3)F)C4=CC=C(C=C4)F)OC)OC
clotrimazole,2812,C1=CC=C(C=C1)C(C2=CC=CC=C2)(C3=CC=CC=C3Cl)N4C=CN=C4,C1=CC=C(C=C1)C(C2=CC=CC=C2)(C3=CC=CC=C3Cl)N4C=CN=C4
loratadine,3957,CCOC(=O)N1CCC(=C2C3=C(CCC4=C2N=CC=C4)C=C(C=C3)Cl)CC1,CCOC(=O)N1CCC(=C2C3=C(CCC4=C2N=CC=C4)C=C(C=C3)Cl)CC1
naftopidil,4418,COC1=CC=CC=C1N2CCN(CC2)CC(COC3=CC=CC4=CC=CC=C43)O,COC1=CC=CC=C1N2CCN(CC2)CC(COC3=CC=CC4=CC=CC=C43)O
nefazodone,4449,CCC1=NN(C(=O)N1CCOC2=CC=CC=C2)CCCN3CCN(CC3)C4=CC(=CC=C4)Cl,CCC1=NN(C(=O)N1CCOC2=CC=CC=C2)CCCN3CCN(CC3)C4=CC(=CC=C4)Cl
efavirenz,64139,C1CC1C#C[C@]2(C3=C(C=CC(=C3)Cl)NC(=O)O2)C(F)(F)F,C1CC1C#CC2(C3=C(C=CC(=C3)Cl)NC(=O)O2)C(F)(F)F
aripiprazole,60795,C1CC(=O)NC2=C1C=CC(=C2)OCCCCN3CCN(CC3)C4=C(C(=CC=C4)Cl)Cl,C1CC(=O)NC2=C1C=CC(=C2)OCCCCN3CCN(CC3)C4=C(C(=CC=C4)Cl)Cl
oxiconazole nitrate,5353853,C1=CC(=C(C=C1Cl)Cl)CO/N=C(\CN2C=CN=C2)/C3=C(C=C(C=C3)Cl)Cl,C1=CC(=C(C=C1Cl)Cl)CON=C(CN2C=CN=C2)C3=C(C=C(C=C3)Cl)Cl
indatraline,126280,CN[C@@H]1C[C@H](C2=CC=CC=C12)C3=CC(=C(C=C3)Cl)Cl,CNC1CC(C2=CC=CC=C12)C3=CC(=C(C=C3)Cl)Cl
trifluoperazine dihydrochloride,5566,CN1CCN(CC1)CCCN2C3=CC=CC=C3SC4=C2C=C(C=C4)C(F)(F)F,CN1CCN(CC1)CCCN2C3=CC=CC=C3SC4=C2C=C(C=C4)C(F)(F)F
honokiol,72303,C=CCC1=CC(=C(C=C1)O)C2=CC(=C(C=C2)O)CC=C,C=CCC1=CC(=C(C=C1)O)C2=CC(=C(C=C2)O)CC=C
sertraline,68617,CN[C@H]1CC[C@H](C2=CC=CC=C12)C3=CC(=C(C=C3)Cl)Cl,CNC1CCC(C2=CC=CC=C12)C3=CC(=C(C=C3)Cl)Cl
bifonazole,2378,C1=CC=C(C=C1)C2=CC=C(C=C2)C(C3=CC=CC=C3)N4C=CN=C4,C1=CC=C(C=C1)C2=CC=C(C=C2)C(C3=CC=CC=C3)N4C=CN=C4
pterostilbene,5281727,COC1=CC(=CC(=C1)/C=C/C2=CC=C(C=C2)O)OC,COC1=CC(=CC(=C1)C=CC2=CC=C(C=C2)O)OC
tegaserod maleate,5362436,CCCCCN=C(N)NN/C=C/1\C=NC2=C1C=C(C=C2)OC,CCCCCN=C(N)NNC=C1C=NC2=C1C=C(C=C2)OC
fluphenazine hydrochloride,3372,C1CN(CCN1CCCN2C3=CC=CC=C3SC4=C2C=C(C=C4)C(F)(F)F)CCO,C1CN(CCN1CCCN2C3=CC=CC=C3SC4=C2C=C(C=C4)C(F)(F)F)CCO
toremifene citrate,3005573,CN(C)CCOC1=CC=C(C=C1)/C(=C(/CCCl)\C2=CC=CC=C2)/C3=CC=CC=C3,CN(C)CCOC1=CC=C(C=C1)C(=C(CCCl)C2=CC=CC=C2)C3=CC=CC=C3
benidipine hcl,656668,CC1=C([C@H](C(=C(N1)C)C(=O)O[C@@H]2CCCN(C2)CC3=CC=CC=C3)C4=CC(=CC=C4)[N+](=O)[O-])C(=O)OC,CC1=C(C(C(=C(N1)C)C(=O)OC2CCCN(C2)CC3=CC=CC=C3)C4=CC(=CC=C4)[N+](=O)[O-])C(=O)OC
doxorubicin hydrochloride,31703,C[C@H]1[C@H]([C@H](C[C@@H](O1)O[C@H]2C[C@@](CC3=C(C4=C(C(=C23)O)C(=O)C5=C(C4=O)C=CC=C5OC)O)(C(=O)CO)O)N)O,CC1C(C(CC(O1)OC2CC(CC3=C(C4=C(C(=C23)O)C(=O)C5=C(C4=O)C=CC=C5OC)O)(C(=O)CO)O)N)O
telmisartan,65999,CCCC1=NC2=C(C=C(C=C2N1CC3=CC=C(C=C3)C4=CC=CC=C4C(=O)O)C5=NC6=CC=CC=C6N5C)C,CCCC1=NC2=C(C=C(C=C2N1CC3=CC=C(C=C3)C4=CC=CC=C4C(=O)O)C5=NC6=CC=CC=C6N5C)C
triclabendazole,50248,CSC1=NC2=CC(=C(C=C2N1)Cl)OC3=C(C(=CC=C3)Cl)Cl,CSC1=NC2=CC(=C(C=C2N1)Cl)OC3=C(C(=CC=C3)Cl)Cl
epirubicin hydrochloride,41867,C[C@H]1[C@@H]([C@H](C[C@@H](O1)O[C@H]2C[C@@](CC3=C(C4=C(C(=C23)O)C(=O)C5=C(C4=O)C=CC=C5OC)O)(C(=O)CO)O)N)O,CC1C(C(CC(O1)OC2CC(CC3=C(C4=C(C(=C23)O)C(=O)C5=C(C4=O)C=CC=C5OC)O)(C(=O)CO)O)N)O
mesoridazine,4078,CN1CCCCC1CCN2C3=CC=CC=C3SC4=C2C=C(C=C4)S(=O)C,CN1CCCCC1CCN2C3=CC=CC=C3SC4=C2C=C(C=C4)S(=O)C
ethynylestradiol,5991,C[C@]12CC[C@H]3[C@H]([C@@H]1CC[C@]2(C#C)O)CCC4=C3C=CC(=C4)O,CC12CCC3C(C1CCC2(C#C)O)CCC4=C3C=CC(=C4)O
megestrol acetate,11683,CC1=C[C@@H]2[C@H](CC[C@]3([C@H]2CC[C@@]3(C(=O)C)OC(=O)C)C)[C@@]4(C1=CC(=O)CC4)C,CC1=CC2C(CCC3(C2CCC3(C(=O)C)OC(=O)C)C)C4(C1=CC(=O)CC4)C
diphenylcyclopropenone,65057,C1=CC=C(C=C1)C2=C(C2=O)C3=CC=CC=C3,C1=CC=C(C=C1)C2=C(C2=O)C3=CC=CC=C3
tetraethylthiuram disulfide,3117,CCN(CC)C(=S)SSC(=S)N(CC)CC,CCN(CC)C(=S)SSC(=S)N(CC)CC
progesterone,5994,CC(=O)[C@H]1CC[C@@H]2[C@@]1(CC[C@H]3[C@H]2CCC4=CC(=O)CC[C@]34C)C,CC(=O)C1CCC2C1(CCC3C2CCC4=CC(=O)CCC34C)C
ethylestrenol,13765,CC[C@@]1(CC[C@@H]2[C@@]1(CC[C@H]3[C@H]2CCC4=CCCC[C@H]34)C)O,CCC1(CCC2C1(CCC3C2CCC4=CCCCC34)C)O
3-deoxyadenosine,6303,C1[C@H](O[C@H]([C@@H]1O)N2C=NC3=C2N=CN=C3N)CO,C1C(OC(C1O)N2C=NC3=C2N=CN=C3N)CO
ketoconazole,456201,CC(=O)N1CCN(CC1)C2=CC=C(C=C2)OC[C@H]3CO[C@](O3)(CN4C=CN=C4)C5=C(C=C(C=C5)Cl)Cl,CC(=O)N1CCN(CC1)C2=CC=C(C=C2)OCC3COC(O3)(CN4C=CN=C4)C5=C(C=C(C=C5)Cl)Cl
latanoprost,5311221,CC(C)OC(=O)CCC/C=C\C[C@H]1[C@H](C[C@H]([C@@H]1CC[C@H](CCC2=CC=CC=C2)O)O)O,CC(C)OC(=O)CCCC=CCC1C(CC(C1CCC(CCC2=CC=CC=C2)O)O)O
lofepramine,3947,CN(CCCN1C2=CC=CC=C2CCC3=CC=CC=C31)CC(=O)C4=CC=C(C=C4)Cl,CN(CCCN1C2=CC=CC=C2CCC3=CC=CC=C31)CC(=O)C4=CC=C(C=C4)Cl
carvedilol,2585,COC1=CC=CC=C1OCCNCC(COC2=CC=CC3=C2C4=CC=CC=C4N3)O,COC1=CC=CC=C1OCCNCC(COC2=CC=CC3=C2C4=CC=CC=C4N3)O
cisapride,2769,COC1CN(CCC1NC(=O)C2=CC(=C(C=C2OC)N)Cl)CCCOC3=CC=C(C=C3)F,COC1CN(CCC1NC(=O)C2=CC(=C(C=C2OC)N)Cl)CCCOC3=CC=C(C=C3)F
ezetimibe,150311,C1=CC(=CC=C1[C@@H]2[C@H](C(=O)N2C3=CC=C(C=C3)F)CC[C@@H](C4=CC=C(C=C4)F)O)O,C1=CC(=CC=C1C2C(C(=O)N2C3=CC=C(C=C3)F)CCC(C4=CC=C(C=C4)F)O)O
idebenone,3686,CC1=C(C(=O)C(=C(C1=O)OC)OC)CCCCCCCCCCO,CC1=C(C(=O)C(=C(C1=O)OC)OC)CCCCCCCCCCO
calcitriol,5280453,C[C@H](CCCC(C)(C)O)[C@H]1CC[C@@H]\2[C@@]1(CCC/C2=C\C=C/3\C[C@H](C[C@@H](C3=C)O)O)C,CC(CCCC(C)(C)O)C1CCC2C1(CCCC2=CC=C3CC(CC(C3=C)O)O)C
perospirone hcl,115368,C1CC[C@H]2[C@@H](C1)C(=O)N(C2=O)CCCCN3CCN(CC3)C4=NSC5=CC=CC=C54,C1CCC2C(C1)C(=O)N(C2=O)CCCCN3CCN(CC3)C4=NSC5=CC=CC=C54
terbinafine hcl,1549008,CC(C)(C)C#C/C=C/CN(C)CC1=CC=CC2=CC=CC=C21,CC(C)(C)C#CC=CCN(C)CC1=CC=CC2=CC=CC=C21
calcipotriol,5288783,C[C@H](/C=C/[C@H](C1CC1)O)[C@H]2CC[C@@H]\3[C@@]2(CCC/C3=C\C=C/4\C[C@H](C[C@@H](C4=C)O)O)C,CC(C=CC(C1CC1)O)C2CCC3C2(CCCC3=CC=C4CC(CC(C4=C)O)O)C
methyltestosterone,6010,C[C@]12CCC(=O)C=C1CC[C@@H]3[C@@H]2CC[C@]4([C@H]3CC[C@]4(C)O)C,CC12CCC(=O)C=C1CCC3C2CCC4(C3CCC4(C)O)C
nifedipine,4485,CC1=C(C(C(=C(N1)C)C(=O)OC)C2=CC=CC=C2[N+](=O)[O-])C(=O)OC,CC1=C(C(C(=C(N1)C)C(=O)OC)C2=CC=CC=C2[N+](=O)[O-])C(=O)OC
2h-indol-2-one13-dihydro-1-phenyl-33-bis(4-pyridinylmethyl),10993167,C1=CC=C(C=C1)CN2C3=CC=CC=C3C(C2=O)(CC4=CC=NC=C4)CC5=CC=NC=C5,C1=CC=C(C=C1)CN2C3=CC=CC=C3C(C2=O)(CC4=CC=NC=C4)CC5=CC=NC=C5
ifenprodil,3689,CC(C(C1=CC=C(C=C1)O)O)N2CCC(CC2)CC3=CC=CC=C3,CC(C(C1=CC=C(C=C1)O)O)N2CCC(CC2)CC3=CC=CC=C3
enrofloxacin,71188,CCN1CCN(CC1)C2=C(C=C3C(=C2)N(C=C(C3=O)C(=O)O)C4CC4)F,CCN1CCN(CC1)C2=C(C=C3C(=C2)N(C=C(C3=O)C(=O)O)C4CC4)F
finasteride,57363,C[C@]12CC[C@H]3[C@H]([C@@H]1CC[C@@H]2C(=O)NC(C)(C)C)CC[C@@H]4[C@@]3(C=CC(=O)N4)C,CC12CCC3C(C1CCC2C(=O)NC(C)(C)C)CCC4C3(C=CC(=O)N4)C
cerivastatin na,446156,CC(C)C1=C(C(=C(C(=N1)C(C)C)/C=C/[C@H](C[C@H](CC(=O)O)O)O)C2=CC=C(C=C2)F)COC,CC(C)C1=C(C(=C(C(=N1)C(C)C)C=CC(CC(CC(=O)O)O)O)C2=CC=C(C=C2)F)COC
artesunate,65664,C[C@@H]1CC[C@H]2[C@H]([C@H](O[C@H]3[C@@]24[C@H]1CC[C@](O3)(OO4)C)OC(=O)CCC(=O)O)C,CC1CCC2C(C(OC3C24C1CCC(O3)(OO4)C)OC(=O)CCC(=O)O)C
itraconazole,55283,CCC(C)N1C(=O)N(C=N1)C2=CC=C(C=C2)N3CCN(CC3)C4=CC=C(C=C4)OC[C@H]5CO[C@](O5)(CN6C=NC=N6)C7=C(C=C(C=C7)Cl)Cl,CCC(C)N1C(=O)N(C=N1)C2=CC=C(C=C2)N3CCN(CC3)C4=CC=C(C=C4)OCC5COC(O5)(CN6C=NC=N6)C7=C(C=C(C=C7)Cl)Cl
voriconazole,71616,C[C@@H](C1=NC=NC=C1F)[C@](CN2C=NC=N2)(C3=C(C=C(C=C3)F)F)O,CC(C1=NC=NC=C1F)C(CN2C=NC=N2)(C3=C(C=C(C=C3)F)F)O
itavastatin ca,5282452,C1CC1C2=NC3=CC=CC=C3C(=C2/C=C/[C@H](C[C@H](CC(=O)O)O)O)C4=CC=C(C=C4)F,C1CC1C2=NC3=CC=CC=C3C(=C2C=CC(CC(CC(=O)O)O)O)C4=CC=C(C=C4)F
nimodipine,4497,CC1=C(C(C(=C(N1)C)C(=O)OC(C)C)C2=CC(=CC=C2)[N+](=O)[O-])C(=O)OCCOC,CC1=C(C(C(=C(N1)C)C(=O)OC(C)C)C2=CC(=CC=C2)[N+](=O)[O-])C(=O)OCCOC
5-fluorocytosine,3366,C1=NC(=O)NC(=C1F)N,C1=NC(=O)NC(=C1F)N
moxifloxacin hcl,152946,COC1=C2C(=CC(=C1N3C[C@@H]4CCCN[C@@H]4C3)F)C(=O)C(=CN2C5CC5)C(=O)O,COC1=C2C(=CC(=C1N3CC4CCCNC4C3)F)C(=O)C(=CN2C5CC5)C(=O)O
am-251,2125,CC1=C(N(N=C1C(=O)NN2CCCCC2)C3=C(C=C(C=C3)Cl)Cl)C4=CC=C(C=C4)I,CC1=C(N(N=C1C(=O)NN2CCCCC2)C3=C(C=C(C=C3)Cl)Cl)C4=CC=C(C=C4)I
exemestane,60198,C[C@]12CC[C@H]3[C@H]([C@@H]1CCC2=O)CC(=C)C4=CC(=O)C=C[C@]34C,CC12CCC3C(C1CCC2=O)CC(=C)C4=CC(=O)C=CC34C
dolasetron mesylate,3033818,C1[C@@H]2CC(C[C@H]3N2CC(=O)C1C3)OC(=O)C4=CNC5=CC=CC=C54,C1C2CC3CC(CC1N3CC2=O)OC(=O)C4=CNC5=CC=CC=C54
duloxetine hcl,60835,CNCC[C@@H](C1=CC=CS1)OC2=CC=CC3=CC=CC=C32,CNCCC(C1=CC=CS1)OC2=CC=CC3=CC=CC=C32
nobiletin,72344,COC1=C(C=C(C=C1)C2=CC(=O)C3=C(O2)C(=C(C(=C3OC)OC)OC)OC)OC,COC1=C(C=C(C=C1)C2=CC(=O)C3=C(O2)C(=C(C(=C3OC)OC)OC)OC)OC
diphenoxylate,13505,CCOC(=O)C1(CCN(CC1)CCC(C#N)(C2=CC=CC=C2)C3=CC=CC=C3)C4=CC=CC=C4,CCOC(=O)C1(CCN(CC1)CCC(C#N)(C2=CC=CC=C2)C3=CC=CC=C3)C4=CC=CC=C4
carmofur,2577,CCCCCCNC(=O)N1C=C(C(=O)NC1=O)F,CCCCCCNC(=O)N1C=C(C(=O)NC1=O)F
tibolone,444008,C[C@@H]1CC2=C(CCC(=O)C2)[C@@H]3[C@@H]1[C@@H]4CC[C@]([C@]4(CC3)C)(C#C)O,CC1CC2=C(CCC(=O)C2)C3C1C4CCC(C4(CC3)C)(C#C)O
isradipine,3784,CC1=C(C(C(=C(N1)C)C(=O)OC(C)C)C2=CC=CC3=NON=C32)C(=O)OC,CC1=C(C(C(=C(N1)C)C(=O)OC(C)C)C2=CC=CC3=NON=C32)C(=O)OC
rimcazole,53389,C[C@@H]1CN(C[C@@H](N1)C)CCCN2C3=CC=CC=C3C4=CC=CC=C42,CC1CN(CC(N1)C)CCCN2C3=CC=CC=C3C4=CC=CC=C42
synephrine,7172,CNCC(C1=CC=C(C=C1)O)O,CNCC(C1=CC=C(C=C1)O)O
nisoldipine,4499,CC1=C(C(C(=C(N1)C)C(=O)OCC(C)C)C2=CC=CC=C2[N+](=O)[O-])C(=O)OC,CC1=C(C(C(=C(N1)C)C(=O)OCC(C)C)C2=CC=CC=C2[N+](=O)[O-])C(=O)OC
bicalutamide,2375,CC(CS(=O)(=O)C1=CC=C(C=C1)F)(C(=O)NC2=CC(=C(C=C2)C#N)C(F)(F)F)O,CC(CS(=O)(=O)C1=CC=C(C=C1)F)(C(=O)NC2=CC(=C(C=C2)C#N)C(F)(F)F)O
nelfinavir mesylate,64143,CC1=C(C=CC=C1O)C(=O)N[C@@H](CSC2=CC=CC=C2)[C@@H](CN3C[C@H]4CCCC[C@H]4C[C@H]3C(=O)NC(C)(C)C)O,CC1=C(C=CC=C1O)C(=O)NC(CSC2=CC=CC=C2)C(CN3CC4CCCCC4CC3C(=O)NC(C)(C)C)O
ru 24969,108029,COC1=CC2=C(C=C1)NC=C2C3=CCNCC3,COC1=CC2=C(C=C1)NC=C2C3=CCNCC3
nitazoxanide,41684,CC(=O)OC1=CC=CC=C1C(=O)NC2=NC=C(S2)[N+](=O)[O-],CC(=O)OC1=CC=CC=C1C(=O)NC2=NC=C(S2)[N+](=O)[O-]
medroxyprogesterone,10631,C[C@H]1C[C@@H]2[C@H](CC[C@]3([C@H]2CC[C@@]3(C(=O)C)O)C)[C@@]4(C1=CC(=O)CC4)C,CC1CC2C(CCC3(C2CCC3(C(=O)C)O)C)C4(C1=CC(=O)CC4)C
stiripentol,5311454,CC(C)(C)C(/C=C/C1=CC2=C(C=C1)OCO2)O,CC(C)(C)C(C=CC1=CC2=C(C=C1)OCO2)O
corticosterone,5753,C[C@]12CCC(=O)C=C1CC[C@@H]3[C@@H]2[C@H](C[C@]4([C@H]3CC[C@@H]4C(=O)CO)C)O,CC12CCC(=O)C=C1CCC3C2C(CC4(C3CCC4C(=O)CO)C)O
tremulacin,442544,C1CC(=O)C(C=C1)(C(=O)OCC2=CC=CC=C2O[C@H]3[C@@H]([C@H]([C@@H]([C@H](O3)CO)O)O)OC(=O)C4=CC=CC=C4)O,C1CC(=O)C(C=C1)(C(=O)OCC2=CC=CC=C2OC3C(C(C(C(O3)CO)O)O)OC(=O)C4=CC=CC=C4)O
desoximetasone,5311067,C[C@@H]1C[C@H]2[C@@H]3CCC4=CC(=O)C=C[C@@]4([C@]3([C@H](C[C@@]2([C@H]1C(=O)CO)C)O)F)C,CC1CC2C3CCC4=CC(=O)C=CC4(C3(C(CC2(C1C(=O)CO)C)O)F)C
ketotifen fumarate,3827,CN1CCC(=C2C3=C(C(=O)CC4=CC=CC=C42)SC=C3)CC1,CN1CCC(=C2C3=C(C(=O)CC4=CC=CC=C42)SC=C3)CC1
beta-estradiol,5757,C[C@]12CC[C@H]3[C@H]([C@@H]1CC[C@@H]2O)CCC4=C3C=CC(=C4)O,CC12CCC3C(C1CCC2O)CCC4=C3C=CC(=C4)O
omeprazole,4594,CC1=CN=C(C(=C1OC)C)CS(=O)C2=NC3=C(N2)C=C(C=C3)OC,CC1=CN=C(C(=C1OC)C)CS(=O)C2=NC3=C(N2)C=C(C=C3)OC
midazolam hcl,4192,CC1=NC=C2N1C3=C(C=C(C=C3)Cl)C(=NC2)C4=CC=CC=C4F,CC1=NC=C2N1C3=C(C=C(C=C3)Cl)C(=NC2)C4=CC=CC=C4F
methanesulfonamide n-[4-[[1-[2-(6-methyl-2-pyridinyl)ethyl]-4-piperidinyl]carbonyl]phenyl]- dihydrochloride,3185,CC1=NC(=CC=C1)CCN2CCC(CC2)C(=O)C3=CC=C(C=C3)NS(=O)(=O)C,CC1=NC(=CC=C1)CCN2CCC(CC2)C(=O)C3=CC=C(C=C3)NS(=O)(=O)C
vardenafil citrate,110634,CCCC1=NC(=C2N1NC(=NC2=O)C3=C(C=CC(=C3)S(=O)(=O)N4CCN(CC4)CC)OCC)C,CCCC1=NC(=C2N1NC(=NC2=O)C3=C(C=CC(=C3)S(=O)(=O)N4CCN(CC4)CC)OCC)C
chlordiazepoxide,2712,CN=C1CN(C(=C2C=C(C=CC2=N1)Cl)C3=CC=CC=C3)O,CN=C1CN(C(=C2C=C(C=CC2=N1)Cl)C3=CC=CC=C3)O
dexchlorpheniramine maleate,33036,CN(C)CC[C@@H](C1=CC=C(C=C1)Cl)C2=CC=CC=N2,CN(C)CCC(C1=CC=C(C=C1)Cl)C2=CC=CC=N2
capsaicin,1548943,CC(C)/C=C/CCCCC(=O)NCC1=CC(=C(C=C1)O)OC,CC(C)C=CCCCCC(=O)NCC1=CC(=C(C=C1)O)OC
5-methoxytryptamine,1833,COC1=CC2=C(C=C1)NC=C2CCN,COC1=CC2=C(C=C1)NC=C2CCN
guanidine n-cyano-n-(11-dimethylpropyl)-n-3-pyridinyl,43345,CCC(C)(C)N=C(NC#N)NC1=CN=CC=C1,CCC(C)(C)N=C(NC#N)NC1=CN=CC=C1
cgs 15943,2690,C1=COC(=C1)C2=NN3C(=N2)C4=C(C=CC(=C4)Cl)N=C3N,C1=COC(=C1)C2=NN3C(=N2)C4=C(C=CC(=C4)Cl)N=C3N
19-nortestosterone,9904,C[C@]12CC[C@H]3[C@H]([C@@H]1CC[C@@H]2O)CCC4=CC(=O)CC[C@H]34,CC12CCC3C(C1CCC2O)CCC4=CC(=O)CCC34
7-nitroindazole,1893,C1=CC2=C(C(=C1)[N+](=O)[O-])NN=C2,C1=CC2=C(C(=C1)[N+](=O)[O-])NN=C2
vecuronium bromide,39765,CC(=O)O[C@H]1C[C@@H]2CC[C@@H]3[C@@H]([C@]2(C[C@@H]1N4CCCCC4)C)CC[C@]5([C@H]3C[C@@H]([C@@H]5OC(=O)C)[N+]6(CCCCC6)C)C,CC(=O)OC1CC2CCC3C(C2(CC1N4CCCCC4)C)CCC5(C3CC(C5OC(=O)C)[N+]6(CCCCC6)C)C
beclomethasone,16218996,CC1CC2C3CCC4=CC(=O)C=CC4([C@]3(C(CC2(C1(C(=O)CO)O)C)O)Cl)C,CC1CC2C3CCC4=CC(=O)C=CC4(C3(C(CC2(C1(C(=O)CO)O)C)O)Cl)C
htmt,124846,CC(CCCCC(=O)NC1=CC=C(C=C1)C(F)(F)F)NCCC2=CN=CN2,CC(CCCCC(=O)NC1=CC=C(C=C1)C(F)(F)F)NCCC2=CN=CN2
pinacidil monohydrate,4826,CC(C(C)(C)C)N=C(NC#N)NC1=CC=NC=C1,CC(C(C)(C)C)N=C(NC#N)NC1=CC=NC=C1
cortisone,222786,C[C@]12CCC(=O)C=C1CC[C@@H]3[C@@H]2C(=O)C[C@]4([C@H]3CC[C@@]4(C(=O)CO)O)C,CC12CCC(=O)C=C1CCC3C2C(=O)CC4(C3CCC4(C(=O)CO)O)C
1-benzylimidazole,77918,C1=CC=C(C=C1)CN2C=CN=C2,C1=CC=C(C=C1)CN2C=CN=C2
brucine,442021,COC1=C(C=C2C(=C1)[C@]34CCN5[C@H]3C[C@@H]6[C@@H]7[C@@H]4N2C(=O)C[C@@H]7OCC=C6C5)OC,COC1=C(C=C2C(=C1)C34CCN5C3CC6C7C4N2C(=O)CC7OCC=C6C5)OC
doxapram hydrochloride,3156,CCN1CC(C(C1=O)(C2=CC=CC=C2)C3=CC=CC=C3)CCN4CCOCC4,CCN1CC(C(C1=O)(C2=CC=CC=C2)C3=CC=CC=C3)CCN4CCOCC4
secoisolariciresinol,65373,COC1=C(C=CC(=C1)C[C@@H](CO)[C@@H](CC2=CC(=C(C=C2)O)OC)CO)O,COC1=C(C=CC(=C1)CC(CO)C(CC2=CC(=C(C=C2)O)OC)CO)O
diazepam,3016,CN1C(=O)CN=C(C2=C1C=CC(=C2)Cl)C3=CC=CC=C3,CN1C(=O)CN=C(C2=C1C=CC(=C2)Cl)C3=CC=CC=C3
rolitetracycline,54682938,C[C@@]1([C@H]2C[C@H]3[C@@H](C(=O)C(=C([C@]3(C(=O)C2=C(C4=C1C=CC=C4O)O)O)O)C(=O)NCN5CCCC5)N(C)C)O,CC1(C2CC3C(C(=O)C(=C(C3(C(=O)C2=C(C4=C1C=CC=C4O)O)O)O)C(=O)NCN5CCCC5)N(C)C)O
altanserin,3033677,C1CN(CCC1C(=O)C2=CC=C(C=C2)F)CCN3C(=O)C4=CC=CC=C4NC3=S,C1CN(CCC1C(=O)C2=CC=C(C=C2)F)CCN3C(=O)C4=CC=CC=C4NC3=S
lofexidine hcl,30668,CC(C1=NCCN1)OC2=C(C=CC=C2Cl)Cl,CC(C1=NCCN1)OC2=C(C=CC=C2Cl)Cl
resveratrol,445154,C1=CC(=CC=C1/C=C/C2=CC(=CC(=C2)O)O)O,C1=CC(=CC=C1C=CC2=CC(=CC(=C2)O)O)O
benzo[a]phenanthridine-1011-diol 566a7812b-hexahydro- trans,6603820,C1CC2=CC(=C(C=C2[C@@H]3[C@@H]1NCC4=CC=CC=C34)O)O,C1CC2=CC(=C(C=C2C3C1NCC4=CC=CC=C34)O)O
tramadol,33741,CN(C)C[C@H]1CCCC[C@@]1(C2=CC(=CC=C2)OC)O,CN(C)CC1CCCCC1(C2=CC(=CC=C2)OC)O
cefixime trihydrate,6321411,C=CC1=C(N2[C@@H]([C@@H](C2=O)NC(=O)/C(=N/OCC(=O)O)/C3=CSC(=N3)N)SC1)C(=O)O,C=CC1=C(N2C(C(C2=O)NC(=O)C(=NOCC(=O)O)C3=CSC(=N3)N)SC1)C(=O)O
raltitrexed,104758,CC1=NC(=O)C2=C(N1)C=CC(=C2)CN(C)C3=CC=C(S3)C(=O)N[C@@H](CCC(=O)O)C(=O)O,CC1=NC(=O)C2=C(N1)C=CC(=C2)CN(C)C3=CC=C(S3)C(=O)NC(CCC(=O)O)C(=O)O
maltol,8369,CC1=C(C(=O)C=CO1)O,CC1=C(C(=O)C=CO1)O
dactinomycin,457193,C[C@@H]1[C@@H](C(=O)N[C@@H](C(=O)N2CCC[C@H]2C(=O)N(CC(=O)N([C@H](C(=O)O1)C(C)C)C)C)C(C)C)NC(=O)C3=C4C(=C(C=C3)C)OC5=C(C(=O)C(=C(C5=N4)C(=O)N[C@H]6[C@H](OC(=O)[C@@H](N(C(=O)CN(C(=O)[C@@H]7CCCN7C(=O)[C@H](NC6=O)C(C)C)C)C)C(C)C)C)N)C,CC1C(C(=O)NC(C(=O)N2CCCC2C(=O)N(CC(=O)N(C(C(=O)O1)C(C)C)C)C)C(C)C)NC(=O)C3=C4C(=C(C=C3)C)OC5=C(C(=O)C(=C(C5=N4)C(=O)NC6C(OC(=O)C(N(C(=O)CN(C(=O)C7CCCN7C(=O)C(NC6=O)C(C)C)C)C)C(C)C)C)N)C
cefdinir,6915944,C=CC1=C(N2[C@@H]([C@@H](C2=O)NC(=O)/C(=N\O)/C3=CSC(=N3)N)SC1)C(=O)O,C=CC1=C(N2C(C(C2=O)NC(=O)C(=NO)C3=CSC(=N3)N)SC1)C(=O)O
3-pyridinemethanol,7510,C1=CC(=CN=C1)CO,C1=CC(=CN=C1)CO
tryptoline,107838,C1CNCC2=C1C3=CC=CC=C3N2,C1CNCC2=C1C3=CC=CC=C3N2
naproxen sodium,156391,C[C@@H](C1=CC2=C(C=C1)C=C(C=C2)OC)C(=O)O,CC(C1=CC2=C(C=C1)C=C(C=C2)OC)C(=O)O
rofecoxib,5090,CS(=O)(=O)C1=CC=C(C=C1)C2=C(C(=O)OC2)C3=CC=CC=C3,CS(=O)(=O)C1=CC=C(C=C1)C2=C(C(=O)OC2)C3=CC=CC=C3
dehydrocholic acid,6674,C[C@H](CCC(=O)O)[C@H]1CC[C@@H]2[C@@]1(C(=O)C[C@H]3[C@H]2C(=O)C[C@H]4[C@@]3(CCC(=O)C4)C)C,CC(CCC(=O)O)C1CCC2C1(C(=O)CC3C2C(=O)CC4C3(CCC(=O)C4)C)C
anastrozole,2187,CC(C)(C#N)C1=CC(=CC(=C1)CN2C=NC=N2)C(C)(C)C#N,CC(C)(C#N)C1=CC(=CC(=C1)CN2C=NC=N2)C(C)(C)C#N
homoveratrylamine,8421,COC1=C(C=C(C=C1)CCN)OC,COC1=C(C=C(C=C1)CCN)OC
mepivacaine hydrochloride,4062,CC1=C(C(=CC=C1)C)NC(=O)C2CCCCN2C,CC1=C(C(=CC=C1)C)NC(=O)C2CCCCN2C
ropivacaine hcl,175805,CCCN1CCCC[C@H]1C(=O)NC2=C(C=CC=C2C)C,CCCN1CCCCC1C(=O)NC2=C(C=CC=C2C)C
trimebutine maleate,5573,CCC(COC(=O)C1=CC(=C(C(=C1)OC)OC)OC)(C2=CC=CC=C2)N(C)C,CCC(COC(=O)C1=CC(=C(C(=C1)OC)OC)OC)(C2=CC=CC=C2)N(C)C
xanthinol nicotinate,9913,CN1C2=C(C(=O)N(C1=O)C)N(C=N2)CC(CN(C)CCO)O,CN1C2=C(C(=O)N(C1=O)C)N(C=N2)CC(CN(C)CCO)O
tinidazole,5479,CCS(=O)(=O)CCN1C(=NC=C1[N+](=O)[O-])C,CCS(=O)(=O)CCN1C(=NC=C1[N+](=O)[O-])C
cefaclor,51039,C1C(=C(N2[C@H](S1)[C@@H](C2=O)NC(=O)[C@@H](C3=CC=CC=C3)N)C(=O)O)Cl,C1C(=C(N2C(S1)C(C2=O)NC(=O)C(C3=CC=CC=C3)N)C(=O)O)Cl
6-aminoindazole,81423,C1=CC2=C(C=C1N)NN=C2,C1=CC2=C(C=C1N)NN=C2
2-chloro-2-deoxyadenosine,20279,C1[C@@H]([C@H](O[C@H]1N2C=NC3=C2N=C(N=C3N)Cl)CO)O,C1C(C(OC1N2C=NC3=C2N=C(N=C3N)Cl)CO)O
granisetron hcl,3510,CN1C2CCCC1CC(C2)NC(=O)C3=NN(C4=CC=CC=C43)C,CN1C2CCCC1CC(C2)NC(=O)C3=NN(C4=CC=CC=C43)C
6-azauridine,5901,C1=NN(C(=O)NC1=O)[C@H]2[C@@H]([C@@H]([C@H](O2)CO)O)O,C1=NN(C(=O)NC1=O)C2C(C(C(O2)CO)O)O
nafadotride,3408722,CCCCN1CCCC1CNC(=O)C2=C(C3=CC=CC=C3C(=C2)C#N)OC,CCCCN1CCCC1CNC(=O)C2=C(C3=CC=CC=C3C(=C2)C#N)OC
zolmitriptan,60857,CN(C)CCC1=CNC2=C1C=C(C=C2)C[C@H]3COC(=O)N3,CN(C)CCC1=CNC2=C1C=C(C=C2)CC3COC(=O)N3
olopatadine hcl,5281071,CN(C)CC/C=C\1/C2=CC=CC=C2COC3=C1C=C(C=C3)CC(=O)O,CN(C)CCC=C1C2=CC=CC=C2COC3=C1C=C(C=C3)CC(=O)O
mepirizole,3242,CC1=CC(=NC(=N1)N2C(=CC(=N2)C)OC)OC,CC1=CC(=NC(=N1)N2C(=CC(=N2)C)OC)OC
goserelin acetate,5311128,CC(C)C[C@@H](C(=O)N[C@@H](CCCN=C(N)N)C(=O)N1CCC[C@H]1C(=O)NNC(=O)N)NC(=O)[C@@H](COC(C)(C)C)NC(=O)[C@H](CC2=CC=C(C=C2)O)NC(=O)[C@H](CO)NC(=O)[C@H](CC3=CNC4=CC=CC=C43)NC(=O)[C@H](CC5=CN=CN5)NC(=O)[C@@H]6CCC(=O)N6,CC(C)CC(C(=O)NC(CCCN=C(N)N)C(=O)N1CCCC1C(=O)NNC(=O)N)NC(=O)C(COC(C)(C)C)NC(=O)C(CC2=CC=C(C=C2)O)NC(=O)C(CO)NC(=O)C(CC3=CNC4=CC=CC=C43)NC(=O)C(CC5=CN=CN5)NC(=O)C6CCC(=O)N6
balsalazide,6335412,C1=CC(=CC=C1C(=O)NCCC(=O)O)N/N=C\2/C=CC(=O)C(=C2)C(=O)O,C1=CC(=CC=C1C(=O)NCCC(=O)O)NN=C2C=CC(=O)C(=C2)C(=O)O
nialamide,4472,C1=CC=C(C=C1)CNC(=O)CCNNC(=O)C2=CC=NC=C2,C1=CC=C(C=C1)CNC(=O)CCNNC(=O)C2=CC=NC=C2
bestatin,72172,CC(C)C[C@@H](C(=O)O)NC(=O)[C@H]([C@@H](CC1=CC=CC=C1)N)O,CC(C)CC(C(=O)O)NC(=O)C(C(CC1=CC=CC=C1)N)O
nicotinamide,936,C1=CC(=CN=C1)C(=O)N,C1=CC(=CN=C1)C(=O)N
homoharringtonine,285033,CC(C)(CCC[C@@](CC(=O)OC)(C(=O)O[C@H]1[C@H]2C3=CC4=C(C=C3CCN5[C@@]2(CCC5)C=C1OC)OCO4)O)O,CC(C)(CCCC(CC(=O)OC)(C(=O)OC1C2C3=CC4=C(C=C3CCN5C2(CCC5)C=C1OC)OCO4)O)O
fluperlapine,49381,CN1CCN(CC1)C2=NC3=C(CC4=CC=CC=C42)C=CC(=C3)F,CN1CCN(CC1)C2=NC3=C(CC4=CC=CC=C42)C=CC(=C3)F
cyproheptadine hydrochloride,2913,CN1CCC(=C2C3=CC=CC=C3C=CC4=CC=CC=C42)CC1,CN1CCC(=C2C3=CC=CC=C3C=CC4=CC=CC=C42)CC1
mosapride citrate,119584,CCOC1=CC(=C(C=C1C(=O)NCC2CN(CCO2)CC3=CC=C(C=C3)F)Cl)N,CCOC1=CC(=C(C=C1C(=O)NCC2CN(CCO2)CC3=CC=C(C=C3)F)Cl)N
haloperidol,3559,C1CN(CCC1(C2=CC=C(C=C2)Cl)O)CCCC(=O)C3=CC=C(C=C3)F,C1CN(CCC1(C2=CC=C(C=C2)Cl)O)CCCC(=O)C3=CC=C(C=C3)F
palonosetron hcl,6337614,C1C[C@@H]2CN(C(=O)C3=C2C(=CC=C3)C1)[C@@H]4CN5CCC4CC5,C1CC2CN(C(=O)C3=C2C(=CC=C3)C1)C4CN5CCC4CC5
zeranol,22283,CC1CCCC(CCCCCC2=CC(=CC(=C2C(=O)O1)O)O)O,CC1CCCC(CCCCCC2=CC(=CC(=C2C(=O)O1)O)O)O
tolterodine tartrate,443879,CC1=CC(=C(C=C1)O)[C@H](CCN(C(C)C)C(C)C)C2=CC=CC=C2,CC1=CC(=C(C=C1)O)C(CCN(C(C)C)C(C)C)C2=CC=CC=C2
riluzole,5070,C1=CC2=C(C=C1OC(F)(F)F)SC(=N2)N,C1=CC2=C(C=C1OC(F)(F)F)SC(=N2)N
nitrendipine,4507,CCOC(=O)C1=C(NC(=C(C1C2=CC(=CC=C2)[N+](=O)[O-])C(=O)OC)C)C,CCOC(=O)C1=C(NC(=C(C1C2=CC(=CC=C2)[N+](=O)[O-])C(=O)OC)C)C
doxepin,667477,CN(C)CC/C=C/1\C2=CC=CC=C2COC3=CC=CC=C31,CN(C)CCC=C1C2=CC=CC=C2COC3=CC=CC=C31
repaglinide,65981,CCOC1=C(C=CC(=C1)CC(=O)N[C@@H](CC(C)C)C2=CC=CC=C2N3CCCCC3)C(=O)O,CCOC1=C(C=CC(=C1)CC(=O)NC(CC(C)C)C2=CC=CC=C2N3CCCCC3)C(=O)O
ritonavir,392622,CC(C)C1=NC(=CS1)CN(C)C(=O)N[C@@H](C(C)C)C(=O)N[C@@H](CC2=CC=CC=C2)C[C@@H]([C@H](CC3=CC=CC=C3)NC(=O)OCC4=CN=CS4)O,CC(C)C1=NC(=CS1)CN(C)C(=O)NC(C(C)C)C(=O)NC(CC2=CC=CC=C2)CC(C(CC3=CC=CC=C3)NC(=O)OCC4=CN=CS4)O
flubendazole,35802,COC(=O)NC1=NC2=C(N1)C=C(C=C2)C(=O)C3=CC=C(C=C3)F,COC(=O)NC1=NC2=C(N1)C=C(C=C2)C(=O)C3=CC=C(C=C3)F
skf 83566,1243,CN1CCC2=CC(=C(C=C2C(C1)C3=CC=CC=C3)O)Br,CN1CCC2=CC(=C(C=C2C(C1)C3=CC=CC=C3)O)Br
1h-imidazole-5-carboxylic acid 1-(1-phenylethyl)- ethyl ester (R)-,36339,CCOC(=O)C1=CN=CN1C(C)C2=CC=CC=C2,CCOC(=O)C1=CN=CN1C(C)C2=CC=CC=C2
ticlopidine hcl,5472,C1CN(CC2=C1SC=C2)CC3=CC=CC=C3Cl,C1CN(CC2=C1SC=C2)CC3=CC=CC=C3Cl
alprazolam,2118,CC1=NN=C2N1C3=C(C=C(C=C3)Cl)C(=NC2)C4=CC=CC=C4,CC1=NN=C2N1C3=C(C=C(C=C3)Cl)C(=NC2)C4=CC=CC=C4
mestanolone,10633,C[C@]12CCC(=O)C[C@@H]1CC[C@@H]3[C@@H]2CC[C@]4([C@H]3CC[C@]4(C)O)C,CC12CCC(=O)CC1CCC3C2CCC4(C3CCC4(C)O)C
anagrelide hcl,2182,C1C2=C(C=CC(=C2Cl)Cl)NC3=NC(=O)CN31,C1C2=C(C=CC(=C2Cl)Cl)NC3=NC(=O)CN31
trileptal,34312,C1C2=CC=CC=C2N(C3=CC=CC=C3C1=O)C(=O)N,C1C2=CC=CC=C2N(C3=CC=CC=C3C1=O)C(=O)N
1h-indole-2-propanoic acid 1-[(4-chlorophenyl)methyl]-3-[(11-dimethylethyl)thio]-alphaalpha-dimethyl-5-(1-methylethyl),3651377,CC(C)C1=CC2=C(C=C1)N(C(=C2SC(C)(C)C)CC(C)(C)C(=O)O)CC3=CC=C(C=C3)Cl,CC(C)C1=CC2=C(C=C1)N(C(=C2SC(C)(C)C)CC(C)(C)C(=O)O)CC3=CC=C(C=C3)Cl
droperidol,3168,C1CN(CC=C1N2C3=CC=CC=C3NC2=O)CCCC(=O)C4=CC=C(C=C4)F,C1CN(CC=C1N2C3=CC=CC=C3NC2=O)CCCC(=O)C4=CC=C(C=C4)F
oxiranecarboxylic acid 2-[6-(4-chlorophenoxy)hexyl]- ethyl ester,60765,CCOC(=O)[C@@]1(CO1)CCCCCCOC2=CC=C(C=C2)Cl,CCOC(=O)C1(CO1)CCCCCCOC2=CC=C(C=C2)Cl
am 404,6604822,CCCCC/C=C\C/C=C\C/C=C\C/C=C\CCCC(=O)NC1=CC=C(C=C1)O,CCCCCC=CCC=CCC=CCC=CCCCC(=O)NC1=CC=C(C=C1)O
levonorgestrel,13109,CC[C@]12CC[C@H]3[C@H]([C@@H]1CC[C@]2(C#C)O)CCC4=CC(=O)CC[C@H]34,CCC12CCC3C(C1CCC2(C#C)O)CCC4=CC(=O)CCC34
prazosin,4893,COC1=C(C=C2C(=C1)C(=NC(=N2)N3CCN(CC3)C(=O)C4=CC=CO4)N)OC,COC1=C(C=C2C(=C1)C(=NC(=N2)N3CCN(CC3)C(=O)C4=CC=CO4)N)OC
gabexate mesylate,3447,CCOC(=O)C1=CC=C(C=C1)OC(=O)CCCCCN=C(N)N,CCOC(=O)C1=CC=C(C=C1)OC(=O)CCCCCN=C(N)N
valdecoxib,119607,CC1=C(C(=NO1)C2=CC=CC=C2)C3=CC=C(C=C3)S(=O)(=O)N,CC1=C(C(=NO1)C2=CC=CC=C2)C3=CC=C(C=C3)S(=O)(=O)N
nitrazepam,4506,C1C(=O)NC2=C(C=C(C=C2)[N+](=O)[O-])C(=N1)C3=CC=CC=C3,C1C(=O)NC2=C(C=C(C=C2)[N+](=O)[O-])C(=N1)C3=CC=CC=C3
saquinavir mesylate,441243,CC(C)(C)NC(=O)[C@@H]1C[C@@H]2CCCC[C@@H]2CN1C[C@H]([C@H](CC3=CC=CC=C3)NC(=O)[C@H](CC(=O)N)NC(=O)C4=NC5=CC=CC=C5C=C4)O,CC(C)(C)NC(=O)C1CC2CCCCC2CN1CC(C(CC3=CC=CC=C3)NC(=O)C(CC(=O)N)NC(=O)C4=NC5=CC=CC=C5C=C4)O
donepezil,3152,COC1=C(C=C2C(=C1)CC(C2=O)CC3CCN(CC3)CC4=CC=CC=C4)OC,COC1=C(C=C2C(=C1)CC(C2=O)CC3CCN(CC3)CC4=CC=CC=C4)OC
piribedil,4850,C1CN(CCN1CC2=CC3=C(C=C2)OCO3)C4=NC=CC=N4,C1CN(CCN1CC2=CC3=C(C=C2)OCO3)C4=NC=CC=N4
acetamide 2-amino-n-(1-methyl-12-diphenylethyl)- (+/-)-,60511,CC(CC1=CC=CC=C1)(C2=CC=CC=C2)NC(=O)CN,CC(CC1=CC=CC=C1)(C2=CC=CC=C2)NC(=O)CN
halometasone monohydrate,9846332,C[C@@H]1C[C@H]2[C@@H]3C[C@@H](C4=CC(=O)C(=C[C@@]4([C@]3([C@H](C[C@@]2([C@]1(C(=O)CO)O)C)O)F)C)Cl)F,CC1CC2C3CC(C4=CC(=O)C(=CC4(C3(C(CC2(C1(C(=O)CO)O)C)O)F)C)Cl)F
clarithromycin,84029,CC[C@@H]1[C@@]([C@@H]([C@H](C(=O)[C@@H](C[C@@]([C@@H]([C@H]([C@@H]([C@H](C(=O)O1)C)O[C@H]2C[C@@]([C@H]([C@@H](O2)C)O)(C)OC)C)O[C@H]3[C@@H]([C@H](C[C@H](O3)C)N(C)C)O)(C)OC)C)C)O)(C)O,CCC1C(C(C(C(=O)C(CC(C(C(C(C(C(=O)O1)C)OC2CC(C(C(O2)C)O)(C)OC)C)OC3C(C(CC(O3)C)N(C)C)O)(C)OC)C)C)O)(C)O
valaciclovir hydrochloride,60773,CC(C)[C@@H](C(=O)OCCOCN1C=NC2=C1NC(=NC2=O)N)N,CC(C)C(C(=O)OCCOCN1C=NC2=C1NC(=NC2=O)N)N
mecillinam,36273,CC1([C@@H](N2[C@H](S1)[C@@H](C2=O)N=CN3CCCCCC3)C(=O)O)C,CC1(C(N2C(S1)C(C2=O)N=CN3CCCCCC3)C(=O)O)C
3(2h)-pyridazinone 6-[4-(difluoromethoxy)-3-methoxyphenyl],5723,COC1=C(C=CC(=C1)C2=NNC(=O)C=C2)OC(F)F,COC1=C(C=CC(=C1)C2=NNC(=O)C=C2)OC(F)F
d-cycloserine,6234,C1[C@H](C(=O)NO1)N,C1C(C(=O)NO1)N
nn-diacetyl-16-diaminohexane,3616,CC(=O)NCCCCCCNC(=O)C,CC(=O)NCCCCCCNC(=O)C
cetraxate hcl,2680,C1CC(CCC1CN)C(=O)OC2=CC=C(C=C2)CCC(=O)O,C1CC(CCC1CN)C(=O)OC2=CC=C(C=C2)CCC(=O)O
rufloxacin hcl,58258,CN1CCN(CC1)C2=C(C=C3C4=C2SCCN4C=C(C3=O)C(=O)O)F,CN1CCN(CC1)C2=C(C=C3C4=C2SCCN4C=C(C3=O)C(=O)O)F
buflomedil hydrochloride,2467,COC1=CC(=C(C(=C1)OC)C(=O)CCCN2CCCC2)OC,COC1=CC(=C(C(=C1)OC)C(=O)CCCN2CCCC2)OC
9-amino-1234-tetrahydroacridine hydrochloride,1935,C1CCC2=NC3=CC=CC=C3C(=C2C1)N,C1CCC2=NC3=CC=CC=C3C(=C2C1)N
4-chloro-n-(2-morpholin-4-yl-ethyl)-benzamide,4235,C1COCCN1CCNC(=O)C2=CC=C(C=C2)Cl,C1COCCN1CCNC(=O)C2=CC=C(C=C2)Cl
methylandrostenediol,229021,C[C@]12CC[C@@H](CC1=CC[C@@H]3[C@@H]2CC[C@]4([C@H]3CC[C@]4(C)O)C)O,CC12CCC(CC1=CCC3C2CCC4(C3CCC4(C)O)C)O
zolpidem tartrate,5732,CC1=CC=C(C=C1)C2=C(N3C=C(C=CC3=N2)C)CC(=O)N(C)C,CC1=CC=C(C=C1)C2=C(N3C=C(C=CC3=N2)C)CC(=O)N(C)C
levofloxacin,149096,C[C@H]1COC2=C3N1C=C(C(=O)C3=CC(=C2N4CCN(CC4)C)F)C(=O)O,CC1COC2=C3N1C=C(C(=O)C3=CC(=C2N4CCN(CC4)C)F)C(=O)O
rifabutin,6323490,C[C@H]1/C=C/C=C(\C(=O)NC2=C3C(=NC4(N3)CCN(CC4)CC(C)C)C5=C6C(=C(C(=C5C2=O)O)C)O[C@@](C6=O)(O/C=C/[C@@H]([C@H]([C@H]([C@@H]([C@@H]([C@@H]([C@H]1O)C)O)C)OC(=O)C)C)OC)C)/C,CC1C=CC=C(C(=O)NC2=C3C(=NC4(N3)CCN(CC4)CC(C)C)C5=C6C(=C(C(=C5C2=O)O)C)OC(C6=O)(OC=CC(C(C(C(C(C(C1O)C)O)C)OC(=O)C)C)OC)C)C
kitasamycin,71306744,C[C@@H]1[C@H]([C@@H]([C@H](C(O1)OC2C(CC(C(/C=C/C=C\CC(OC(=O)CC(C2OC)O)C)O)C)CC=O)O)N(C)C)OC3C[C@]([C@@H]([C@H](O3)C)O)(C)O,CC1CC=CC=CC(C(CC(C(C(C(CC(=O)O1)O)OC)OC2C(C(C(C(O2)C)OC3CC(C(C(O3)C)O)(C)O)N(C)C)O)CC=O)C)O
crotamiton,688020,CCN(C1=CC=CC=C1C)C(=O)/C=C/C,CCN(C1=CC=CC=C1C)C(=O)C=CC
quetiapine hemifumarate,5002,C1CN(CCN1CCOCCO)C2=NC3=CC=CC=C3SC4=CC=CC=C42,C1CN(CCN1CCOCCO)C2=NC3=CC=CC=C3SC4=CC=CC=C42
pyrazinecarboxamide 35-diamino-n-(aminoiminomethyl)-6-chloro,16231,C1(=C(N=C(C(=N1)Cl)N)N)C(=O)N=C(N)N,C1(=C(N=C(C(=N1)Cl)N)N)C(=O)N=C(N)N
trazodone hydrochloride,5533,C1CN(CCN1CCCN2C(=O)N3C=CC=CC3=N2)C4=CC(=CC=C4)Cl,C1CN(CCN1CCCN2C(=O)N3C=CC=CC3=N2)C4=CC(=CC=C4)Cl
benzeneacetonitrile alpha-[3-[[2-(34-dimethoxyphenyl)ethyl]methylamino]propyl]-34-dimethoxy-alpha-(1-methylethyl)-  (R)-,2520,CC(C)C(CCCN(C)CCC1=CC(=C(C=C1)OC)OC)(C#N)C2=CC(=C(C=C2)OC)OC,CC(C)C(CCCN(C)CCC1=CC(=C(C=C1)OC)OC)(C#N)C2=CC(=C(C=C2)OC)OC
nifekalant hcl,4486,CN1C(=CC(=O)N(C1=O)C)NCCN(CCCC2=CC=C(C=C2)[N+](=O)[O-])CCO,CN1C(=CC(=O)N(C1=O)C)NCCN(CCCC2=CC=C(C=C2)[N+](=O)[O-])CCO
rolipram,5092,COC1=C(C=C(C=C1)C2CC(=O)NC2)OC3CCCC3,COC1=C(C=C(C=C1)C2CC(=O)NC2)OC3CCCC3
ipriflavone,3747,CC(C)OC1=CC2=C(C=C1)C(=O)C(=CO2)C3=CC=CC=C3,CC(C)OC1=CC2=C(C=C1)C(=O)C(=CO2)C3=CC=CC=C3
pancuronium,441289,CC(=O)O[C@H]1C[C@@H]2CC[C@@H]3[C@@H]([C@]2(C[C@@H]1[N+]4(CCCCC4)C)C)CC[C@]5([C@H]3C[C@@H]([C@@H]5OC(=O)C)[N+]6(CCCCC6)C)C,CC(=O)OC1CC2CCC3C(C2(CC1[N+]4(CCCCC4)C)C)CCC5(C3CC(C5OC(=O)C)[N+]6(CCCCC6)C)C
epigallocatechin gallate,65064,C1[C@H]([C@H](OC2=CC(=CC(=C21)O)O)C3=CC(=C(C(=C3)O)O)O)OC(=O)C4=CC(=C(C(=C4)O)O)O,C1C(C(OC2=CC(=CC(=C21)O)O)C3=CC(=C(C(=C3)O)O)O)OC(=O)C4=CC(=C(C(=C4)O)O)O
fluvoxamine,5324346,COCCCC/C(=N\OCCN)/C1=CC=C(C=C1)C(F)(F)F,COCCCCC(=NOCCN)C1=CC=C(C=C1)C(F)(F)F
cinanserin,5475158,CN(C)CCCSC1=CC=CC=C1NC(=O)/C=C/C2=CC=CC=C2,CN(C)CCCSC1=CC=CC=C1NC(=O)C=CC2=CC=CC=C2
letrozol,3902,C1=CC(=CC=C1C#N)C(C2=CC=C(C=C2)C#N)N3C=NC=N3,C1=CC(=CC=C1C#N)C(C2=CC=C(C=C2)C#N)N3C=NC=N3
nateglinide,5311309,CC(C)C1CCC(CC1)C(=O)N[C@H](CC2=CC=CC=C2)C(=O)O,CC(C)C1CCC(CC1)C(=O)NC(CC2=CC=CC=C2)C(=O)O
1h-cyclopenta[b]quinolin-9-amine 235678-hexahydro- monohydrochloride,604519,C1CCC2=C(C1)C(=C3CCCC3=N2)N,C1CCC2=C(C1)C(=C3CCCC3=N2)N
cefatrizine propylene glycol,6410758,C1C(=C(N2[C@H](S1)[C@@H](C2=O)NC(=O)[C@@H](C3=CC=C(C=C3)O)N)C(=O)O)CSC4=NNN=C4,C1C(=C(N2C(S1)C(C2=O)NC(=O)C(C3=CC=C(C=C3)O)N)C(=O)O)CSC4=NNN=C4
cephalexin monohydrate,27447,CC1=C(N2[C@@H]([C@@H](C2=O)NC(=O)[C@@H](C3=CC=CC=C3)N)SC1)C(=O)O,CC1=C(N2C(C(C2=O)NC(=O)C(C3=CC=CC=C3)N)SC1)C(=O)O
(-)-cotinine,854019,CN1[C@@H](CCC1=O)C2=CN=CC=C2,CN1C(CCC1=O)C2=CN=CC=C2
atomexetine hcl,54841,CC1=CC=CC=C1O[C@H](CCNC)C2=CC=CC=C2,CC1=CC=CC=C1OC(CCNC)C2=CC=CC=C2
tiagabine hcl,60648,CC1=C(SC=C1)C(=CCCN2CCC[C@H](C2)C(=O)O)C3=C(C=CS3)C,CC1=C(SC=C1)C(=CCCN2CCCC(C2)C(=O)O)C3=C(C=CS3)C
tosufloxacin tosylate,5517,C1CN(CC1N)C2=C(C=C3C(=O)C(=CN(C3=N2)C4=C(C=C(C=C4)F)F)C(=O)O)F,C1CN(CC1N)C2=C(C=C3C(=O)C(=CN(C3=N2)C4=C(C=C(C=C4)F)F)C(=O)O)F
mestranol,6291,C[C@]12CC[C@H]3[C@H]([C@@H]1CC[C@]2(C#C)O)CCC4=C3C=CC(=C4)OC,CC12CCC3C(C1CCC2(C#C)O)CCC4=C3C=CC(=C4)OC
docetaxel,148124,CC1=C2[C@H](C(=O)[C@@]3([C@H](C[C@@H]4[C@]([C@H]3[C@@H]([C@@](C2(C)C)(C[C@@H]1OC(=O)[C@@H]([C@H](C5=CC=CC=C5)NC(=O)OC(C)(C)C)O)O)OC(=O)C6=CC=CC=C6)(CO4)OC(=O)C)O)C)O,CC1=C2C(C(=O)C3(C(CC4C(C3C(C(C2(C)C)(CC1OC(=O)C(C(C5=CC=CC=C5)NC(=O)OC(C)(C)C)O)O)OC(=O)C6=CC=CC=C6)(CO4)OC(=O)C)O)C)O
nimetazepam,4496,CN1C(=O)CN=C(C2=C1C=CC(=C2)[N+](=O)[O-])C3=CC=CC=C3,CN1C(=O)CN=C(C2=C1C=CC(=C2)[N+](=O)[O-])C3=CC=CC=C3
ramipril,5362129,CCOC(=O)[C@H](CCC1=CC=CC=C1)N[C@@H](C)C(=O)N2[C@H]3CCC[C@H]3C[C@H]2C(=O)O,CCOC(=O)C(CCC1=CC=CC=C1)NC(C)C(=O)N2C3CCCC3CC2C(=O)O
fenpiverinium bromide,71490,C[N+]1(CCCCC1)CCC(C2=CC=CC=C2)(C3=CC=CC=C3)C(=O)N,C[N+]1(CCCCC1)CCC(C2=CC=CC=C2)(C3=CC=CC=C3)C(=O)N
urapidil hydrochloride,5639,CN1C(=CC(=O)N(C1=O)C)NCCCN2CCN(CC2)C3=CC=CC=C3OC,CN1C(=CC(=O)N(C1=O)C)NCCCN2CCN(CC2)C3=CC=CC=C3OC
l-glutamic acid n-[4-[[(24-diamino-6-pteridinyl)methyl]methylamino]benzoyl],5746104,C[C@@H](C(=O)N[C@@H](CCC(=O)O)C(=O)O)NC(=O)C1=CC=C(C=C1)N(C)CC2=CN=C3C(=N2)C(=NC(=N3)N)N,CC(C(=O)NC(CCC(=O)O)C(=O)O)NC(=O)C1=CC=C(C=C1)N(C)CC2=CN=C3C(=N2)C(=NC(=N3)N)N
zafirlukast,5717,CC1=CC=CC=C1S(=O)(=O)NC(=O)C2=CC(=C(C=C2)CC3=CN(C4=C3C=C(C=C4)NC(=O)OC5CCCC5)C)OC,CC1=CC=CC=C1S(=O)(=O)NC(=O)C2=CC(=C(C=C2)CC3=CN(C4=C3C=C(C=C4)NC(=O)OC5CCCC5)C)OC
d-3-methoxy-n-methylmorphinan hydrobromide,5360696,CN1CC[C@@]23CCCC[C@@H]2[C@@H]1CC4=C3C=C(C=C4)OC,CN1CCC23CCCCC2C1CC4=C3C=C(C=C4)OC
indomethacin,3715,CC1=C(C2=C(N1C(=O)C3=CC=C(C=C3)Cl)C=CC(=C2)OC)CC(=O)O,CC1=C(C2=C(N1C(=O)C3=CC=C(C=C3)Cl)C=CC(=C2)OC)CC(=O)O
troxipide,5597,COC1=CC(=CC(=C1OC)OC)C(=O)NC2CCCNC2,COC1=CC(=CC(=C1OC)OC)C(=O)NC2CCCNC2
argatroban,92722,C[C@@H]1CCN([C@H](C1)C(=O)O)C(=O)[C@H](CCCN=C(N)N)NS(=O)(=O)C2=CC=CC3=C2NCC(C3)C,CC1CCN(C(C1)C(=O)O)C(=O)C(CCCN=C(N)N)NS(=O)(=O)C2=CC=CC3=C2NCC(C3)C
tripelennamine hydrochloride,5587,CN(C)CCN(CC1=CC=CC=C1)C2=CC=CC=N2,CN(C)CCN(CC1=CC=CC=C1)C2=CC=CC=N2
bisoprolol fumarate,2405,CC(C)NCC(COC1=CC=C(C=C1)COCCOC(C)C)O,CC(C)NCC(COC1=CC=C(C=C1)COCCOC(C)C)O
piceid,5281718,C1=CC(=CC=C1/C=C/C2=CC(=CC(=C2)O[C@H]3[C@@H]([C@H]([C@@H]([C@H](O3)CO)O)O)O)O)O,C1=CC(=CC=C1C=CC2=CC(=CC(=C2)OC3C(C(C(C(O3)CO)O)O)O)O)O
glycine n-[2-[(acetylthio)methyl]-1-oxo-3-phenylpropyl]-phenylmethyl ester,107751,CC(=O)SCC(CC1=CC=CC=C1)C(=O)NCC(=O)OCC2=CC=CC=C2,CC(=O)SCC(CC1=CC=CC=C1)C(=O)NCC(=O)OCC2=CC=CC=C2
benazepril hcl,5362124,CCOC(=O)[C@H](CCC1=CC=CC=C1)N[C@H]2CCC3=CC=CC=C3N(C2=O)CC(=O)O,CCOC(=O)C(CCC1=CC=CC=C1)NC2CCC3=CC=CC=C3N(C2=O)CC(=O)O
nornicotine,412,C1CC(NC1)C2=CN=CC=C2,C1CC(NC1)C2=CN=CC=C2
temozolomide,5394,CN1C(=O)N2C=NC(=C2N=N1)C(=O)N,CN1C(=O)N2C=NC(=C2N=N1)C(=O)N
alosetron hcl,2099,CC1=C(N=CN1)CN2CCC3=C(C2=O)C4=CC=CC=C4N3C,CC1=C(N=CN1)CN2CCC3=C(C2=O)C4=CC=CC=C4N3C
phenelzine sulfate salt,3675,C1=CC=C(C=C1)CCNN,C1=CC=C(C=C1)CCNN
famciclovir,3324,CC(=O)OCC(CCN1C=NC2=CN=C(N=C21)N)COC(=O)C,CC(=O)OCC(CCN1C=NC2=CN=C(N=C21)N)COC(=O)C
benzeneacetic acid 2-[(26-dichlorophenyl)amino]- monosodium salt,3033,C1=CC=C(C(=C1)CC(=O)O)NC2=C(C=CC=C2Cl)Cl,C1=CC=C(C(=C1)CC(=O)O)NC2=C(C=CC=C2Cl)Cl
pilocarpine hydrochloride,5910,CC[C@H]1[C@H](COC1=O)CC2=CN=CN2C,CCC1C(COC1=O)CC2=CN=CN2C
nizatidine,3033637,CN/C(=C\[N+](=O)[O-])/NCCSCC1=CSC(=N1)CN(C)C,CNC(=C[N+](=O)[O-])NCCSCC1=CSC(=N1)CN(C)C
amlexanox,2161,CC(C)C1=CC2=C(C=C1)OC3=NC(=C(C=C3C2=O)C(=O)O)N,CC(C)C1=CC2=C(C=C1)OC3=NC(=C(C=C3C2=O)C(=O)O)N
ozagrel hcl,5282440,C1=CC(=CC=C1CN2C=CN=C2)/C=C/C(=O)O,C1=CC(=CC=C1CN2C=CN=C2)C=CC(=O)O
triptolide,107985,CC(C)[C@@]12[C@@H](O1)[C@H]3[C@@]4(O3)[C@]5(CCC6=C([C@@H]5C[C@H]7[C@]4([C@@H]2O)O7)COC6=O)C,CC(C)C12C(O1)C3C4(O3)C5(CCC6=C(C5CC7C4(C2O)O7)COC6=O)C
benzeneethanamine nalpha-dimethyl-n-2-propynyl,199605,C[C@@H](CC1=CC=CC=C1)N(C)CC#C,CC(CC1=CC=CC=C1)N(C)CC#C
tfmpp,4296,C1CN(CCN1)C2=CC=CC(=C2)C(F)(F)F,C1CN(CCN1)C2=CC=CC(=C2)C(F)(F)F
lidocaine,3676,CCN(CC)CC(=O)NC1=C(C=CC=C1C)C,CCN(CC)CC(=O)NC1=C(C=CC=C1C)C
maprotilline hcl,4011,CNCCCC12CCC(C3=CC=CC=C31)C4=CC=CC=C24,CNCCCC12CCC(C3=CC=CC=C31)C4=CC=CC=C24
ondansetron hcl,4595,CC1=NC=CN1CC2CCC3=C(C2=O)C4=CC=CC=C4N3C,CC1=NC=CN1CC2CCC3=C(C2=O)C4=CC=CC=C4N3C
esomeprazole mg,9568614,CC1=CN=C(C(=C1OC)C)C[S@](=O)C2=NC3=C(N2)C=C(C=C3)OC,CC1=CN=C(C(=C1OC)C)CS(=O)C2=NC3=C(N2)C=C(C=C3)OC
ly 171883,3969,CCCC1=C(C=CC(=C1O)C(=O)C)OCCCCC2=NNN=N2,CCCC1=C(C=CC(=C1O)C(=O)C)OCCCCC2=NNN=N2
galanthamine,9651,CN1CC[C@@]23C=C[C@@H](C[C@@H]2OC4=C(C=CC(=C34)C1)OC)O,CN1CCC23C=CC(CC2OC4=C(C=CC(=C34)C1)OC)O
diphenhydramine hydrochloride,3100,CN(C)CCOC(C1=CC=CC=C1)C2=CC=CC=C2,CN(C)CCOC(C1=CC=CC=C1)C2=CC=CC=C2
picrotin - picrotoxinin,6473767,CC(=C)[C@@H]1[C@@H]2[C@@H]3[C@@]4([C@]([C@H]1C(=O)O2)(C[C@@H]5[C@]4(O5)C(=O)O3)O)C.C[C@@]12[C@H]3[C@H]4[C@H]([C@@H]([C@@]1(C[C@@H]5[C@]2(O5)C(=O)O3)O)C(=O)O4)C(C)(C)O,CC(=C)C1C2C3C4(C(C1C(=O)O2)(CC5C4(O5)C(=O)O3)O)C.CC12C3C4C(C(C1(CC5C2(O5)C(=O)O3)O)C(=O)O4)C(C)(C)O
orlistat,3034010,CCCCCCCCCCC[C@@H](C[C@H]1[C@@H](C(=O)O1)CCCCCC)OC(=O)[C@H](CC(C)C)NC=O,CCCCCCCCCCCC(CC1C(C(=O)O1)CCCCCC)OC(=O)C(CC(C)C)NC=O
alfuzosin,2092,CN(CCCNC(=O)C1CCCO1)C2=NC3=CC(=C(C=C3C(=N2)N)OC)OC,CN(CCCNC(=O)C1CCCO1)C2=NC3=CC(=C(C=C3C(=N2)N)OC)OC
lamotrigine,3878,C1=CC(=C(C(=C1)Cl)Cl)C2=C(N=C(N=N2)N)N,C1=CC(=C(C(=C1)Cl)Cl)C2=C(N=C(N=N2)N)N
pirenperone,4847,CC1=C(C(=O)N2C=CC=CC2=N1)CCN3CCC(CC3)C(=O)C4=CC=C(C=C4)F,CC1=C(C(=O)N2C=CC=CC2=N1)CCN3CCC(CC3)C(=O)C4=CC=C(C=C4)F
ormetoprim,23418,CC1=CC(=C(C=C1CC2=CN=C(N=C2N)N)OC)OC,CC1=CC(=C(C=C1CC2=CN=C(N=C2N)N)OC)OC
olmesartan medoxomil,130881,CCCC1=NC(=C(N1CC2=CC=C(C=C2)C3=CC=CC=C3C4=NNN=N4)C(=O)OCC5=C(OC(=O)O5)C)C(C)(C)O,CCCC1=NC(=C(N1CC2=CC=C(C=C2)C3=CC=CC=C3C4=NNN=N4)C(=O)OCC5=C(OC(=O)O5)C)C(C)(C)O
penciclovir,4725,C1=NC2=C(N1CCC(CO)CO)NC(=NC2=O)N,C1=NC2=C(N1CCC(CO)CO)NC(=NC2=O)N
loteprednol etabonate,444025,CCOC(=O)O[C@@]1(CC[C@@H]2[C@@]1(C[C@@H]([C@H]3[C@H]2CCC4=CC(=O)C=C[C@]34C)O)C)C(=O)OCCl,CCOC(=O)OC1(CCC2C1(CC(C3C2CCC4=CC(=O)C=CC34C)O)C)C(=O)OCCl
tocainide,38945,CC1=C(C(=CC=C1)C)NC(=O)C(C)N,CC1=C(C(=CC=C1)C)NC(=O)C(C)N
zileuton,60490,CC(C1=CC2=CC=CC=C2S1)N(C(=O)N)O,CC(C1=CC2=CC=CC=C2S1)N(C(=O)N)O
pidotimod,65944,C1CC(=O)N[C@@H]1C(=O)N2CSC[C@H]2C(=O)O,C1CC(=O)NC1C(=O)N2CSCC2C(=O)O
meropenem,441130,C[C@@H]1[C@@H]2[C@H](C(=O)N2C(=C1S[C@H]3C[C@H](NC3)C(=O)N(C)C)C(=O)O)[C@@H](C)O,CC1C2C(C(=O)N2C(=C1SC3CC(NC3)C(=O)N(C)C)C(=O)O)C(C)O
pizotyline,27400,CN1CCC(=C2C3=C(CCC4=CC=CC=C42)SC=C3)CC1,CN1CCC(=C2C3=C(CCC4=CC=CC=C42)SC=C3)CC1
lobeline hydrochloride,3945,CN1C(CCCC1CC(=O)C2=CC=CC=C2)CC(C3=CC=CC=C3)O,CN1C(CCCC1CC(=O)C2=CC=CC=C2)CC(C3=CC=CC=C3)O
stavudine,18283,CC1=CN(C(=O)NC1=O)[C@H]2C=C[C@H](O2)CO,CC1=CN(C(=O)NC1=O)C2C=CC(O2)CO
losartan potassium,3961,CCCCC1=NC(=C(N1CC2=CC=C(C=C2)C3=CC=CC=C3C4=NNN=N4)CO)Cl,CCCCC1=NC(=C(N1CC2=CC=C(C=C2)C3=CC=CC=C3C4=NNN=N4)CO)Cl
(+)-3-hydroxy-n-methylmorphinan d-tartrate,5359272,CN1CC[C@]23CCCC[C@H]2[C@H]1CC4=C3C=C(C=C4)O,CN1CCC23CCCCC2C1CC4=C3C=C(C=C4)O
linezolide,441401,CC(=O)NC[C@H]1CN(C(=O)O1)C2=CC(=C(C=C2)N3CCOCC3)F,CC(=O)NCC1CN(C(=O)O1)C2=CC(=C(C=C2)N3CCOCC3)F
famotidine,5702160,C1=C(N=C(S1)N=C(N)N)CSCC/C(=N/S(=O)(=O)N)/N,C1=C(N=C(S1)N=C(N)N)CSCCC(=NS(=O)(=O)N)N
flumazenil,3373,CCOC(=O)C1=C2CN(C(=O)C3=C(N2C=N1)C=CC(=C3)F)C,CCOC(=O)C1=C2CN(C(=O)C3=C(N2C=N1)C=CC(=C3)F)C
levosulpiride,688272,CCN1CCC[C@H]1CNC(=O)C2=C(C=CC(=C2)S(=O)(=O)N)OC,CCN1CCCC1CNC(=O)C2=C(C=CC(=C2)S(=O)(=O)N)OC
pemoline,4723,C1=CC=C(C=C1)C2C(=O)N=C(O2)N,C1=CC=C(C=C1)C2C(=O)N=C(O2)N
azelastine hcl,2267,CN1CCCC(CC1)N2C(=O)C3=CC=CC=C3C(=N2)CC4=CC=C(C=C4)Cl,CN1CCCC(CC1)N2C(=O)C3=CC=CC=C3C(=N2)CC4=CC=C(C=C4)Cl
salbutamol sulfate,2083,CC(C)(C)NCC(C1=CC(=C(C=C1)O)CO)O,CC(C)(C)NCC(C1=CC(=C(C=C1)O)CO)O
4-thiazolidinecarboxylic acid 2-oxo- (R)-,72390,C1[C@H](NC(=O)S1)C(=O)O,C1C(NC(=O)S1)C(=O)O
indinavir sulphate,5362440,CC(C)(C)NC(=O)[C@@H]1CN(CCN1C[C@H](C[C@@H](CC2=CC=CC=C2)C(=O)N[C@@H]3[C@@H](CC4=CC=CC=C34)O)O)CC5=CN=CC=C5,CC(C)(C)NC(=O)C1CN(CCN1CC(CC(CC2=CC=CC=C2)C(=O)NC3C(CC4=CC=CC=C34)O)O)CC5=CN=CC=C5
phenprobamate,4770,C1=CC=C(C=C1)CCCOC(=O)N,C1=CC=C(C=C1)CCCOC(=O)N
olanzapine,4585,CC1=CC2=C(NC3=CC=CC=C3N=C2S1)N4CCN(CC4)C,CC1=CC2=C(NC3=CC=CC=C3N=C2S1)N4CCN(CC4)C
5-amino-2-hydroxy-benzoic acid,4075,C1=CC(=C(C=C1N)C(=O)O)O,C1=CC(=C(C=C1N)C(=O)O)O
metronidazole,4173,CC1=NC=C(N1CCO)[N+](=O)[O-],CC1=NC=C(N1CCO)[N+](=O)[O-]
oligomycin c,6436697,CC[C@@H]\1CCC2[C@@H](C([C@H](C3(O2)CC[C@@H]([C@@H](O3)C[C@@H](C)O)C)C)OC(=O)/C=C/[C@@H]([C@H]([C@@H](C(=O)[C@@H]([C@H]([C@@H](C(=O)[C@H]([C@H]([C@@H](C/C=C/C=C1)C)O)C)C)O)C)C)O)C)C,CCC1CCC2C(C(C(C3(O2)CCC(C(O3)CC(C)O)C)C)OC(=O)C=CC(C(C(C(=O)C(C(C(C(=O)C(C(C(CC=CC=C1)C)O)C)C)O)C)C)O)C)C
sr 57227a,131747,C1CN(CCC1N)C2=NC(=CC=C2)Cl,C1CN(CCC1N)C2=NC(=CC=C2)Cl
memantine hydrochloride,4054,CC12CC3CC(C1)(CC(C3)(C2)N)C,CC12CC3CC(C1)(CC(C3)(C2)N)C
taxifolin-(+/-),712318,C1=CC(=C(C=C1[C@@H]2[C@@H](C(=O)C3=C(C=C(C=C3O2)O)O)O)O)O,C1=CC(=C(C=C1C2C(C(=O)C3=C(C=C(C=C3O2)O)O)O)O)O
amisulpride,2159,CCN1CCCC1CNC(=O)C2=CC(=C(C=C2OC)N)S(=O)(=O)CC,CCN1CCCC1CNC(=O)C2=CC(=C(C=C2OC)N)S(=O)(=O)CC
cpd000042823,3394,CC(C1=CC(=C(C=C1)C2=CC=CC=C2)F)C(=O)O,CC(C1=CC(=C(C=C1)C2=CC=CC=C2)F)C(=O)O
taxifolin-(+),439533,C1=CC(=C(C=C1[C@@H]2[C@H](C(=O)C3=C(C=C(C=C3O2)O)O)O)O)O,C1=CC(=C(C=C1C2C(C(=O)C3=C(C=C(C=C3O2)O)O)O)O)O
zacopride,108182,COC1=CC(=C(C=C1C(=O)NC2CN3CCC2CC3)Cl)N,COC1=CC(=C(C=C1C(=O)NC2CN3CCC2CC3)Cl)N
cefpodoxime proxetil,6526396,CC(C)OC(=O)OC(C)OC(=O)C1=C(CS[C@H]2N1C(=O)[C@H]2NC(=O)/C(=N\OC)/C3=CSC(=N3)N)COC,CC(C)OC(=O)OC(C)OC(=O)C1=C(CSC2N1C(=O)C2NC(=O)C(=NOC)C3=CSC(=N3)N)COC
hyperoside,5281643,C1=CC(=C(C=C1C2=C(C(=O)C3=C(C=C(C=C3O2)O)O)O[C@H]4[C@@H]([C@H]([C@H]([C@H](O4)CO)O)O)O)O)O,C1=CC(=C(C=C1C2=C(C(=O)C3=C(C=C(C=C3O2)O)O)OC4C(C(C(C(O4)CO)O)O)O)O)O
gr 89696,3505,COC(=O)N1CCN(C(C1)CN2CCCC2)C(=O)CC3=CC(=C(C=C3)Cl)Cl,COC(=O)N1CCN(C(C1)CN2CCCC2)C(=O)CC3=CC(=C(C=C3)Cl)Cl
benactyzine hydrochloride,9330,CCN(CC)CCOC(=O)C(C1=CC=CC=C1)(C2=CC=CC=C2)O,CCN(CC)CCOC(=O)C(C1=CC=CC=C1)(C2=CC=CC=C2)O
roxatidine acetate hcl,5105,CC(=O)OCC(=O)NCCCOC1=CC=CC(=C1)CN2CCCCC2,CC(=O)OCC(=O)NCCCOC1=CC=CC(=C1)CN2CCCCC2
viramune,4463,CC1=C2C(=NC=C1)N(C3=C(C=CC=N3)C(=O)N2)C4CC4,CC1=C2C(=NC=C1)N(C3=C(C=CC=N3)C(=O)N2)C4CC4
nalbuphine,5311304,C1CC(C1)CN2CC[C@]34[C@@H]5[C@H](CC[C@]3([C@H]2CC6=C4C(=C(C=C6)O)O5)O)O,C1CC(C1)CN2CCC34C5C(CCC3(C2CC6=C4C(=C(C=C6)O)O5)O)O
tropisetron hcl,656665,CN1[C@@H]2CC[C@H]1CC(C2)OC(=O)C3=CNC4=CC=CC=C43,CN1C2CCC1CC(C2)OC(=O)C3=CNC4=CC=CC=C43
delta1-hydrocortisone 21-hemisuccinate sodium salt,656804,C[C@]12C[C@@H]([C@H]3[C@H]([C@@H]1CC[C@@]2(C(=O)COC(=O)CCC(=O)O)O)CCC4=CC(=O)C=C[C@]34C)O,CC12CC(C3C(C1CCC2(C(=O)COC(=O)CCC(=O)O)O)CCC4=CC(=O)C=CC34C)O
ranolazine dihydrochloride,56959,CC1=C(C(=CC=C1)C)NC(=O)CN2CCN(CC2)CC(COC3=CC=CC=C3OC)O,CC1=C(C(=CC=C1)C)NC(=O)CN2CCN(CC2)CC(COC3=CC=CC=C3OC)O
procarbazine hcl,4915,CC(C)NC(=O)C1=CC=C(C=C1)CNNC,CC(C)NC(=O)C1=CC=C(C=C1)CNNC
fluticasone propionate,444036,CCC(=O)O[C@@]1([C@@H](C[C@@H]2[C@@]1(C[C@@H]([C@]3([C@H]2C[C@@H](C4=CC(=O)C=C[C@@]43C)F)F)O)C)C)C(=O)SCF,CCC(=O)OC1(C(CC2C1(CC(C3(C2CC(C4=CC(=O)C=CC43C)F)F)O)C)C)C(=O)SCF
pefloxacin mesylate,51081,CCN1C=C(C(=O)C2=CC(=C(C=C21)N3CCN(CC3)C)F)C(=O)O,CCN1C=C(C(=O)C2=CC(=C(C=C21)N3CCN(CC3)C)F)C(=O)O
3-hydroxy-12-dimethyl-4(1h)-pyridone,2972,CC1=C(C(=O)C=CN1C)O,CC1=C(C(=O)C=CN1C)O
pioglitazone hcl,4829,CCC1=CN=C(C=C1)CCOC2=CC=C(C=C2)CC3C(=O)NC(=O)S3,CCC1=CN=C(C=C1)CCOC2=CC=C(C=C2)CC3C(=O)NC(=O)S3
dichloroacetic acid,6597,C(C(=O)O)(Cl)Cl,C(C(=O)O)(Cl)Cl
venlafaxine hcl,5656,CN(C)CC(C1=CC=C(C=C1)OC)C2(CCCCC2)O,CN(C)CC(C1=CC=C(C=C1)OC)C2(CCCCC2)O
actarit,2018,CC(=O)NC1=CC=C(C=C1)CC(=O)O,CC(=O)NC1=CC=C(C=C1)CC(=O)O
bifemelane,2377,CNCCCCOC1=CC=CC=C1CC2=CC=CC=C2,CNCCCCOC1=CC=CC=C1CC2=CC=CC=C2
oxaprozin,4614,C1=CC=C(C=C1)C2=C(OC(=N2)CCC(=O)O)C3=CC=CC=C3,C1=CC=C(C=C1)C2=C(OC(=N2)CCC(=O)O)C3=CC=CC=C3
piroxicam,54676228,CN1C(=C(C2=CC=CC=C2S1(=O)=O)O)C(=O)NC3=CC=CC=N3,CN1C(=C(C2=CC=CC=C2S1(=O)=O)O)C(=O)NC3=CC=CC=N3
naltrindole,5497186,C1CC1CN2CC[C@]34[C@@H]5C6=C(C[C@]3([C@H]2CC7=C4C(=C(C=C7)O)O5)O)C8=CC=CC=C8N6,C1CC1CN2CCC34C5C6=C(CC3(C2CC7=C4C(=C(C=C7)O)O5)O)C8=CC=CC=C8N6
rifapentine,6323497,C[C@H]1/C=C/C=C(\C(=O)NC\2=C(C3=C(C(=C4C(=C3C(=O)/C2=C/NN5CCN(CC5)C6CCCC6)C(=O)[C@](O4)(O/C=C/[C@@H]([C@H]([C@H]([C@@H]([C@@H]([C@@H]([C@H]1O)C)O)C)OC(=O)C)C)OC)C)C)O)O)/C,CC1C=CC=C(C(=O)NC2=C(C3=C(C(=C4C(=C3C(=O)C2=CNN5CCN(CC5)C6CCCC6)C(=O)C(O4)(OC=CC(C(C(C(C(C(C1O)C)O)C)OC(=O)C)C)OC)C)C)O)O)C
isoquercetrin,5480505,C1=CC(=C(C=C1C2=C(C(=O)C3=C(C=C(C=C3O2)O)O)OCC4[C@H]([C@H]([C@@H](C(O4)O)O)O)O)O)O,C1=CC(=C(C=C1C2=C(C(=O)C3=C(C=C(C=C3O2)O)O)OCC4C(C(C(C(O4)O)O)O)O)O)O
risperidone,5073,CC1=C(C(=O)N2CCCCC2=N1)CCN3CCC(CC3)C4=NOC5=C4C=CC(=C5)F,CC1=C(C(=O)N2CCCCC2=N1)CCN3CCC(CC3)C4=NOC5=C4C=CC(=C5)F
icariin,5318997,C[C@H]1[C@@H]([C@H]([C@H]([C@@H](O1)OC2=C(OC3=C(C2=O)C(=CC(=C3CC=C(C)C)O[C@H]4[C@@H]([C@H]([C@@H]([C@H](O4)CO)O)O)O)O)C5=CC=C(C=C5)OC)O)O)O,CC1C(C(C(C(O1)OC2=C(OC3=C(C2=O)C(=CC(=C3CC=C(C)C)OC4C(C(C(C(O4)CO)O)O)O)O)C5=CC=C(C=C5)OC)O)O)O
moxonidine hcl,4810,CC1=NC(=C(C(=N1)Cl)NC2=NCCN2)OC,CC1=NC(=C(C(=N1)Cl)NC2=NCCN2)OC
loxoprofen sodium,3965,CC(C1=CC=C(C=C1)CC2CCCC2=O)C(=O)O,CC(C1=CC=C(C=C1)CC2CCCC2=O)C(=O)O
loxapine succinate,3964,CN1CCN(CC1)C2=NC3=CC=CC=C3OC4=C2C=C(C=C4)Cl,CN1CCN(CC1)C2=NC3=CC=CC=C3OC4=C2C=C(C=C4)Cl
tranilast,5282230,COC1=C(C=C(C=C1)/C=C/C(=O)NC2=CC=CC=C2C(=O)O)OC,COC1=C(C=C(C=C1)C=CC(=O)NC2=CC=CC=C2C(=O)O)OC
pantoprazole sodium salt,4679,COC1=C(C(=NC=C1)CS(=O)C2=NC3=C(N2)C=C(C=C3)OC(F)F)OC,COC1=C(C(=NC=C1)CS(=O)C2=NC3=C(N2)C=C(C=C3)OC(F)F)OC
oxymetholone,5281034,C[C@]12CC[C@H]3[C@H]([C@@H]1CC[C@]2(C)O)CC[C@@H]4[C@@]3(C/C(=C/O)/C(=O)C4)C,CC12CCC3C(C1CCC2(C)O)CCC4C3(CC(=CO)C(=O)C4)C
levocetirizine,1549000,C1CN(CCN1CCOCC(=O)O)[C@H](C2=CC=CC=C2)C3=CC=C(C=C3)Cl,C1CN(CCN1CCOCC(=O)O)C(C2=CC=CC=C2)C3=CC=C(C=C3)Cl
ornidazole,28061,CC1=NC=C(N1CC(CCl)O)[N+](=O)[O-],CC1=NC=C(N1CC(CCl)O)[N+](=O)[O-]
felbamate,3331,C1=CC=C(C=C1)C(COC(=O)N)COC(=O)N,C1=CC=C(C=C1)C(COC(=O)N)COC(=O)N
diazoxide,3019,CC1=NS(=O)(=O)C2=C(N1)C=CC(=C2)Cl,CC1=NS(=O)(=O)C2=C(N1)C=CC(=C2)Cl
acarbose,444254,C[C@@H]1[C@H]([C@@H]([C@H]([C@H](O1)O[C@@H]2[C@H](O[C@@H]([C@@H]([C@H]2O)O)O[C@@H]3[C@H](O[C@H]([C@@H]([C@H]3O)O)O)CO)CO)O)O)N[C@H]4C=C([C@H]([C@@H]([C@H]4O)O)O)CO,CC1C(C(C(C(O1)OC2C(OC(C(C2O)O)OC3C(OC(C(C3O)O)O)CO)CO)O)O)NC4C=C(C(C(C4O)O)O)CO
23-dideoxyinosine,50599,C1C[C@@H](O[C@@H]1CO)N2C=NC3=C2NC=NC3=O,C1CC(OC1CO)N2C=NC3=C2NC=NC3=O
raclopride,3033769,CCN1CCC[C@H]1CNC(=O)C2=C(C(=CC(=C2OC)Cl)Cl)O,CCN1CCCC1CNC(=O)C2=C(C(=CC(=C2OC)Cl)Cl)O
toradol,3826,C1CN2C(=CC=C2C(=O)C3=CC=CC=C3)C1C(=O)O,C1CN2C(=CC=C2C(=O)C3=CC=CC=C3)C1C(=O)O
milnacipran,65833,CCN(CC)C(=O)[C@@]1(C[C@@H]1CN)C2=CC=CC=C2,CCN(CC)C(=O)C1(CC1CN)C2=CC=CC=C2
terazosin,5401,COC1=C(C=C2C(=C1)C(=NC(=N2)N3CCN(CC3)C(=O)C4CCCO4)N)OC,COC1=C(C=C2C(=C1)C(=NC(=N2)N3CCN(CC3)C(=O)C4CCCO4)N)OC
sumatriptan succinate,5358,CNS(=O)(=O)CC1=CC2=C(C=C1)NC=C2CCN(C)C,CNS(=O)(=O)CC1=CC2=C(C=C1)NC=C2CCN(C)C
pentoxifylline,4740,CC(=O)CCCCN1C(=O)C2=C(N=CN2C)N(C1=O)C,CC(=O)CCCCN1C(=O)C2=C(N=CN2C)N(C1=O)C
nicorandil,47528,C1=CC(=CN=C1)C(=O)NCCO[N+](=O)[O-],C1=CC(=CN=C1)C(=O)NCCO[N+](=O)[O-]
betaxolol hydrochloride,2369,CC(C)NCC(COC1=CC=C(C=C1)CCOCC2CC2)O,CC(C)NCC(COC1=CC=C(C=C1)CCOCC2CC2)O
lamivudine,60825,C1[C@H](O[C@H](S1)CO)N2C=CC(=NC2=O)N,C1C(OC(S1)CO)N2C=CC(=NC2=O)N
modafinil,4236,C1=CC=C(C=C1)C(C2=CC=CC=C2)S(=O)CC(=O)N,C1=CC=C(C=C1)C(C2=CC=CC=C2)S(=O)CC(=O)N
vinorelbine bitatrate,5311497,CCC1=C[C@H]2C[C@@](C3=C(CN(C2)C1)C4=CC=CC=C4N3)(C5=C(C=C6C(=C5)[C@]78CCN9[C@H]7[C@@](C=CC9)([C@H]([C@@]([C@@H]8N6C)(C(=O)OC)O)OC(=O)C)CC)OC)C(=O)OC,CCC1=CC2CC(C3=C(CN(C2)C1)C4=CC=CC=C4N3)(C5=C(C=C6C(=C5)C78CCN9C7C(C=CC9)(C(C(C8N6C)(C(=O)OC)O)OC(=O)C)CC)OC)C(=O)OC
dofetilide,71329,CN(CCC1=CC=C(C=C1)NS(=O)(=O)C)CCOC2=CC=C(C=C2)NS(=O)(=O)C,CN(CCC1=CC=C(C=C1)NS(=O)(=O)C)CCOC2=CC=C(C=C2)NS(=O)(=O)C
glycopyrrolate,3494,C[N+]1(CCC(C1)OC(=O)C(C2CCCC2)(C3=CC=CC=C3)O)C,C[N+]1(CCC(C1)OC(=O)C(C2CCCC2)(C3=CC=CC=C3)O)C
rutin,5280805,C[C@H]1[C@@H]([C@H]([C@H]([C@@H](O1)OC[C@@H]2[C@H]([C@@H]([C@H]([C@@H](O2)OC3=C(OC4=CC(=CC(=C4C3=O)O)O)C5=CC(=C(C=C5)O)O)O)O)O)O)O)O,CC1C(C(C(C(O1)OCC2C(C(C(C(O2)OC3=C(OC4=CC(=CC(=C4C3=O)O)O)C5=CC(=C(C=C5)O)O)O)O)O)O)O)O
esmolol hydrochloride,59768,CC(C)NCC(COC1=CC=C(C=C1)CCC(=O)OC)O,CC(C)NCC(COC1=CC=C(C=C1)CCC(=O)OC)O
montelukast na,5281040,CC(C)(C1=CC=CC=C1CC[C@H](C2=CC=CC(=C2)/C=C/C3=NC4=C(C=CC(=C4)Cl)C=C3)SCC5(CC5)CC(=O)O)O,CC(C)(C1=CC=CC=C1CCC(C2=CC=CC(=C2)C=CC3=NC4=C(C=CC(=C4)Cl)C=C3)SCC5(CC5)CC(=O)O)O
dexbrompheniramine maleate,16960,CN(C)CC[C@@H](C1=CC=C(C=C1)Br)C2=CC=CC=N2,CN(C)CCC(C1=CC=C(C=C1)Br)C2=CC=CC=N2
2-(2-aminoethyl)pyridine,75919,C1=CC=NC(=C1)CCN,C1=CC=NC(=C1)CCN
11-dimethyl-4-phenylpiperazinium iodide,1316,C[N+]1(CCN(CC1)C2=CC=CC=C2)C,C[N+]1(CCN(CC1)C2=CC=CC=C2)C
physostigmine,5983,C[C@@]12CCN([C@@H]1N(C3=C2C=C(C=C3)OC(=O)NC)C)C,CC12CCN(C1N(C3=C2C=C(C=C3)OC(=O)NC)C)C
azasetron,2264,CN1C(=O)COC2=C1C=C(C=C2C(=O)NC3CN4CCC3CC4)Cl,CN1C(=O)COC2=C1C=C(C=C2C(=O)NC3CN4CCC3CC4)Cl
irbesartan,3749,CCCCC1=NC2(CCCC2)C(=O)N1CC3=CC=C(C=C3)C4=CC=CC=C4C5=NNN=N5,CCCCC1=NC2(CCCC2)C(=O)N1CC3=CC=C(C=C3)C4=CC=CC=C4C5=NNN=N5
doxylamine succinate,3162,CC(C1=CC=CC=C1)(C2=CC=CC=N2)OCCN(C)C,CC(C1=CC=CC=C1)(C2=CC=CC=N2)OCCN(C)C
lomifylline,65599,CC(=O)CCCCN1C=NC2=C1C(=O)N(C(=O)N2C)C,CC(=O)CCCCN1C=NC2=C1C(=O)N(C(=O)N2C)C
1h-imidazol-2-amine n-(26-dichlorophenyl)-45-dihydro,2803,C1CN=C(N1)NC2=C(C=CC=C2Cl)Cl,C1CN=C(N1)NC2=C(C=CC=C2Cl)Cl
23-dideoxycytidine,24066,C1C[C@@H](O[C@@H]1CO)N2C=CC(=NC2=O)N,C1CC(OC1CO)N2C=CC(=NC2=O)N
topotecan hcl,60700,CC[C@@]1(C2=C(COC1=O)C(=O)N3CC4=C(C3=C2)N=C5C=CC(=C(C5=C4)CN(C)C)O)O,CCC1(C2=C(COC1=O)C(=O)N3CC4=C(C3=C2)N=C5C=CC(=C(C5=C4)CN(C)C)O)O
fenoldopam mesylate,3341,C1CNCC(C2=CC(=C(C(=C21)Cl)O)O)C3=CC=C(C=C3)O,C1CNCC(C2=CC(=C(C(=C21)Cl)O)O)C3=CC=C(C=C3)O
6h-pyrido[23-b][14]benzodiazepin-6-one 11-[[2-[(diethylamino)methyl]-1-piperidinyl]acetyl]511-dihydro,107867,CCN(CC)CC1CCCCN1CC(=O)N2C3=CC=CC=C3C(=O)NC4=C2N=CC=C4,CCN(CC)CC1CCCCN1CC(=O)N2C3=CC=CC=C3C(=O)NC4=C2N=CC=C4
escitalopram oxalate,146570,CN(C)CCC[C@@]1(C2=C(CO1)C=C(C=C2)C#N)C3=CC=C(C=C3)F,CN(C)CCCC1(C2=C(CO1)C=C(C=C2)C#N)C3=CC=C(C=C3)F
formoterol fumarate dihydrate,3083544,C[C@H](CC1=CC=C(C=C1)OC)NC[C@@H](C2=CC(=C(C=C2)O)NC=O)O,CC(CC1=CC=C(C=C1)OC)NCC(C2=CC(=C(C=C2)O)NC=O)O
topiramate,5284627,CC1(O[C@@H]2CO[C@@]3([C@H]([C@@H]2O1)OC(O3)(C)C)COS(=O)(=O)N)C,CC1(OC2COC3(C(C2O1)OC(O3)(C)C)COS(=O)(=O)N)C
2-chloroadenosine,8974,C1=NC2=C(N1[C@H]3[C@@H]([C@@H]([C@H](O3)CO)O)O)N=C(N=C2N)Cl,C1=NC2=C(N1C3C(C(C(O3)CO)O)O)N=C(N=C2N)Cl
cilastatin na,6435415,CC1(C[C@@H]1C(=O)N/C(=C\CCCCSC[C@@H](C(=O)O)N)/C(=O)O)C,CC1(CC1C(=O)NC(=CCCCCSCC(C(=O)O)N)C(=O)O)C
irsogladine maleate,3752,C1=CC(=C(C=C1Cl)C2=NC(=NC(=N2)N)N)Cl,C1=CC(=C(C=C1Cl)C2=NC(=NC(=N2)N)N)Cl
torasemide,41781,CC1=CC(=CC=C1)NC2=C(C=NC=C2)S(=O)(=O)NC(=O)NC(C)C,CC1=CC(=CC=C1)NC2=C(C=NC=C2)S(=O)(=O)NC(=O)NC(C)C
5-fluoro-2-pyrimidone,101498,C1=C(C=NC(=O)N1)F,C1=C(C=NC(=O)N1)F
valsartan,60846,CCCCC(=O)N(CC1=CC=C(C=C1)C2=CC=CC=C2C3=NNN=N3)[C@@H](C(C)C)C(=O)O,CCCCC(=O)N(CC1=CC=C(C=C1)C2=CC=CC=C2C3=NNN=N3)C(C(C)C)C(=O)O
milrinone,4197,CC1=C(C=C(C(=O)N1)C#N)C2=CC=NC=C2,CC1=C(C=C(C(=O)N1)C#N)C2=CC=NC=C2
pravastatin sodium,54687,CC[C@H](C)C(=O)O[C@H]1C[C@@H](C=C2[C@H]1[C@H]([C@H](C=C2)C)CC[C@H](C[C@H](CC(=O)O)O)O)O,CCC(C)C(=O)OC1CC(C=C2C1C(C(C=C2)C)CCC(CC(CC(=O)O)O)O)O
rizatriptan benzoate,5078,CN(C)CCC1=CNC2=C1C=C(C=C2)CN3C=NC=N3,CN(C)CCC1=CNC2=C1C=C(C=C2)CN3C=NC=N3
tadalafil,110635,CN1CC(=O)N2[C@@H](C1=O)CC3=C([C@H]2C4=CC5=C(C=C4)OCO5)NC6=CC=CC=C36,CN1CC(=O)N2C(C1=O)CC3=C(C2C4=CC5=C(C=C4)OCO5)NC6=CC=CC=C36
levetiracetam,5284583,CC[C@@H](C(=O)N)N1CCCC1=O,CCC(C(=O)N)N1CCCC1=O
miglitol,441314,C1[C@@H]([C@H]([C@@H]([C@H](N1CCO)CO)O)O)O,C1C(C(C(C(N1CCO)CO)O)O)O
chlorpheniramine,2725,CN(C)CCC(C1=CC=C(C=C1)Cl)C2=CC=CC=N2,CN(C)CCC(C1=CC=C(C=C1)Cl)C2=CC=CC=N2
citalopram hydrobromide,2771,CN(C)CCCC1(C2=C(CO1)C=C(C=C2)C#N)C3=CC=C(C=C3)F,CN(C)CCCC1(C2=C(CO1)C=C(C=C2)C#N)C3=CC=C(C=C3)F
ftorafur,5386,C1CC(OC1)N2C=C(C(=O)NC2=O)F,C1CC(OC1)N2C=C(C(=O)NC2=O)F
itopride hcl,3792,CN(C)CCOC1=CC=C(C=C1)CNC(=O)C2=CC(=C(C=C2)OC)OC,CN(C)CCOC1=CC=C(C=C1)CNC(=O)C2=CC(=C(C=C2)OC)OC
benproperine phosphate,2326,CC(COC1=CC=CC=C1CC2=CC=CC=C2)N3CCCCC3,CC(COC1=CC=CC=C1CC2=CC=CC=C2)N3CCCCC3
rifaximin,6436173,C[C@H]1/C=C/C=C(\C(=O)NC2=C(C3=C(C4=C(C(=C3O)C)O[C@@](C4=O)(O/C=C/[C@@H]([C@H]([C@H]([C@@H]([C@@H]([C@@H]([C@H]1O)C)O)C)OC(=O)C)C)OC)C)C5=C2N6C=CC(=CC6=N5)C)O)/C,CC1C=CC=C(C(=O)NC2=C(C3=C(C4=C(C(=C3O)C)OC(C4=O)(OC=CC(C(C(C(C(C(C1O)C)O)C)OC(=O)C)C)OC)C)C5=C2N6C=CC(=CC6=N5)C)O)C
pazufloxacin,65957,C[C@H]1COC2=C3N1C=C(C(=O)C3=CC(=C2C4(CC4)N)F)C(=O)O,CC1COC2=C3N1C=C(C(=O)C3=CC(=C2C4(CC4)N)F)C(=O)O
sulfasalazine,5359476,C1=CC=NC(=C1)NS(=O)(=O)C2=CC=C(C=C2)N/N=C\3/C=CC(=O)C(=C3)C(=O)O,C1=CC=NC(=C1)NS(=O)(=O)C2=CC=C(C=C2)NN=C3C=CC(=O)C(=C3)C(=O)O
enalaprilat,5462501,C[C@@H](C(=O)N1CCC[C@H]1C(=O)O)N[C@@H](CCC2=CC=CC=C2)C(=O)O,CC(C(=O)N1CCCC1C(=O)O)NC(CCC2=CC=CC=C2)C(=O)O
Beauvericin,3007984,CC(C)[C@@H]1C(=O)N([C@H](C(=O)O[C@@H](C(=O)N([C@H](C(=O)O[C@@H](C(=O)N([C@H](C(=O)O1)CC2=CC=CC=C2)C)C(C)C)CC3=CC=CC=C3)C)C(C)C)CC4=CC=CC=C4)C,CC(C)C1C(=O)N(C(C(=O)OC(C(=O)N(C(C(=O)OC(C(=O)N(C(C(=O)O1)CC2=CC=CC=C2)C)C(C)C)CC3=CC=CC=C3)C)C(C)C)CC4=CC=CC=C4)C
Benomyl,28780,CCCCNC(=O)N1C2=CC=CC=C2N=C1NC(=O)OC,CCCCNC(=O)N1C2=CC=CC=C2N=C1NC(=O)OC
Bisantrene,5351322,C1NC(=NC1)N/N=C/C2=C3C(=C(C4=CC=CC=C24)/C=N/NC5=NCCN5)C=CC=C3,C1CN=C(N1)NN=CC2=C3C=CC=CC3=C(C4=CC=CC=C42)C=NNC5=NCCN5
Bromopyruvate,70684,C(C(=O)C(=O)O)Br,C(C(=O)C(=O)O)Br
Calyculin A,5311365,C[C@H]1[C@@H](C[C@@]2(C([C@H]([C@H](O2)[C@H](C[C@@H]([C@H](C)[C@@H]([C@H](C)/C=C(\C)/C(=C/C=C/C(=C\C#N)/C)/C)O)O)OC)OP(=O)(O)O)(C)C)O[C@H]1C/C=C/C3=COC(=N3)[C@@H](C)CCNC(=O)[C@H]([C@H]([C@H](COC)N(C)C)O)O)O,CC1C(CC2(C(C(C(O2)C(CC(C(C)C(C(C)C=C(C)C(=CC=CC(=CC#N)C)C)O)O)OC)OP(=O)(O)O)(C)C)OC1CC=CC3=COC(=N3)C(C)CCNC(=O)C(C(C(COC)N(C)C)O)O)O
Camptothecin,24360,CC[C@@]1(C2=C(COC1=O)C(=O)N3CC4=CC5=CC=CC=C5N=C4C3=C2)O,CCC1(C2=C(COC1=O)C(=O)N3CC4=CC5=CC=CC=C5N=C4C3=C2)O
Cisplatin,441203,N.N.Cl[Pt+2]Cl,N.N.Cl[Pt+2]Cl
Colchicine,6167,CC(=O)N[C@H]1CCC2=CC(=C(C(=C2C3=CC=C(C(=O)C=C13)OC)OC)OC)OC,CC(=O)NC1CCC2=CC(=C(C(=C2C3=CC=C(C(=O)C=C13)OC)OC)OC)OC
Cycloheximide,6197,C[C@H]1C[C@@H](C(=O)[C@@H](C1)[C@@H](CC2CC(=O)NC(=O)C2)O)C,CC1CC(C(=O)C(C1)C(CC2CC(=O)NC(=O)C2)O)C
Dyclonine,3180,CCCCOC1=CC=C(C=C1)C(=O)CCN2CCCCC2,CCCCOC1=CC=C(C=C1)C(=O)CCN2CCCCC2
Fenpropimorph,93365,C[C@@H]1CN(C[C@@H](O1)C)CC(C)CC2=CC=C(C=C2)C(C)(C)C,CC1CN(CC(O1)C)CC(C)CC2=CC=C(C=C2)C(C)(C)C
Fluconazole,3365,C1=CC(=C(C=C1F)F)C(CN2C=NC=N2)(CN3C=NC=N3)O,C1=CC(=C(C=C1F)F)C(CN2C=NC=N2)(CN3C=NC=N3)O
Imatinib,5291,CC1=C(C=C(C=C1)NC(=O)C2=CC=C(C=C2)CN3CCN(CC3)C)NC4=NC=CC(=N4)C5=CN=CC=C5,CC1=C(C=C(C=C1)NC(=O)C2=CC=C(C=C2)CN3CCN(CC3)C)NC4=NC=CC(=N4)C5=CN=CC=C5
Latrunculin B,3892,CC1CCC2CC(CC(O2)(C3CSC(=O)N3)O)OC(=O)C=C(CCC=C1)C,CC1CCC2CC(CC(O2)(C3CSC(=O)N3)O)OC(=O)C=C(CCC=C1)C
Methotrexate,4112,CN(CC1=CN=C2C(=N1)C(=NC(=N2)N)N)C3=CC=C(C=C3)C(=O)NC(CCC(=O)O)C(=O)O,CN(CC1=CN=C2C(=N1)C(=NC(=N2)N)N)C3=CC=C(C=C3)C(=O)NC(CCC(=O)O)C(=O)O
Miconazole,4189,C1=CC(=C(C=C1Cl)Cl)COC(CN2C=CN=C2)C3=C(C=C(C=C3)Cl)Cl,C1=CC(=C(C=C1Cl)Cl)COC(CN2C=CN=C2)C3=C(C=C(C=C3)Cl)Cl
Mitoxantrone,4212,C1=CC(=C2C(=C1NCCNCCO)C(=O)C3=C(C=CC(=C3C2=O)O)O)NCCNCCO,C1=CC(=C2C(=C1NCCNCCO)C(=O)C3=C(C=CC(=C3C2=O)O)O)NCCNCCO
Pentamidine,4735,C1=CC(=CC=C1C(=N)N)OCCCCCOC2=CC=C(C=C2)C(=N)N,C1=CC(=CC=C1C(=N)N)OCCCCCOC2=CC=C(C=C2)C(=N)N
Rapamycin,5284616,C[C@@H]1CC[C@H]2C[C@@H](/C(=C/C=C/C=C/[C@H](C[C@H](C(=O)[C@@H]([C@@H](/C(=C/[C@H](C(=O)C[C@H](OC(=O)[C@@H]3CCCCN3C(=O)C(=O)[C@@]1(O2)O)[C@H](C)C[C@@H]4CC[C@H]([C@@H](C4)OC)O)C)/C)O)OC)C)C)/C)OC,CC1CCC2CC(C(=CC=CC=CC(CC(C(=O)C(C(C(=CC(C(=O)CC(OC(=O)C3CCCCN3C(=O)C(=O)C1(O2)O)C(C)CC4CCC(C(C4)OC)O)C)C)O)OC)C)C)C)OC
Staurosporine,44259,C[C@@]12[C@@H]([C@@H](C[C@@H](O1)N3C4=CC=CC=C4C5=C6C(=C7C8=CC=CC=C8N2C7=C53)CNC6=O)NC)OC,CC12C(C(CC(O1)N3C4=CC=CC=C4C5=C6C(=C7C8=CC=CC=C8N2C7=C53)CNC6=O)NC)OC
Tacrolimus,445643,C[C@@H]1C[C@@H]([C@@H]2[C@H](C[C@H]([C@@](O2)(C(=O)C(=O)N3CCCC[C@H]3C(=O)O[C@@H]([C@@H]([C@H](CC(=O)[C@@H](/C=C(/C1)\C)CC=C)O)C)/C(=C/[C@@H]4CC[C@H]([C@@H](C4)OC)O)/C)O)C)OC)OC,CC1CC(C2C(CC(C(O2)(C(=O)C(=O)N3CCCCC3C(=O)OC(C(C(CC(=O)C(C=C(C1)C)CC=C)O)C)C(=CC4CCC(C(C4)OC)O)C)O)C)OC)OC
Tamoxifen,2733526,CC/C(=C(\C1=CC=CC=C1)/C2=CC=C(C=C2)OCCN(C)C)/C3=CC=CC=C3,CCC(=C(C1=CC=CC=C1)C2=CC=C(C=C2)OCCN(C)C)C3=CC=CC=C3
Tunicamycin,6433557,CC(C)C/C=C/C(=O)N[C@@H]1[C@H]([C@H]([C@H](O[C@H]1O[C@@H]2[C@@H]([C@H]([C@@H]([C@H](O2)CO)O)O)NC(=O)C)CC([C@@H]3[C@H]([C@H]([C@@H](O3)N4C=CC(=O)NC4=O)O)O)O)O)O,CC(C)CC=CC(=O)NC1C(C(C(OC1OC2C(C(C(C(O2)CO)O)O)NC(=O)C)CC(C3C(C(C(O3)N4C=CC(=O)NC4=O)O)O)O)O)O
Valinomycin,441139,C[C@H]1C(=O)N[C@H](C(=O)O[C@@H](C(=O)NC(C(=O)O[C@H](C(=O)N[C@H](C(=O)O[C@@H](C(=O)N[C@@H](C(=O)O[C@H](C(=O)N[C@H](C(=O)O[C@@H](C(=O)N[C@@H](C(=O)O1)C(C)C)C(C)C)C(C)C)C)C(C)C)C(C)C)C(C)C)C)C(C)C)C(C)C)C(C)C,CC1C(=O)NC(C(=O)OC(C(=O)NC(C(=O)OC(C(=O)NC(C(=O)OC(C(=O)NC(C(=O)OC(C(=O)NC(C(=O)OC(C(=O)NC(C(=O)O1)C(C)C)C(C)C)C(C)C)C)C(C)C)C(C)C)C(C)C)C)C(C)C)C(C)C)C(C)C
